Date, Time, Ax, Ay, Az, Gx, Gy, Gz
2025-02-01, 10:28:30:00,0.082,-0.005,0.991,0.061,0.244,0.061
2025-02-01, 10:28:30:51,0.082,-0.005,0.991,0.122,0.305,0.122
2025-02-01, 10:28:31:02,0.082,-0.006,0.991,0,0.061,0.061
2025-02-01, 10:28:31:52,0.08,-0.006,0.992,-0.671,2.075,-0.061
2025-02-01, 10:28:32:03,0.08,-0.007,0.992,0.061,0.671,-0.061
2025-02-01, 10:28:32:54,0.08,-0.006,0.991,0,0.183,0.061
2025-02-01, 10:28:33:05,0.079,-0.007,0.992,0.061,0.244,0
2025-02-01, 10:28:33:56,0.079,-0.006,0.992,0.061,0.305,0
2025-02-01, 10:28:34:07,0.078,-0.007,0.991,0,0.793,-0.122
2025-02-01, 10:28:34:58,0.062,0.036,1.062,1.709,41.382,-27.405
2025-02-01, 10:28:35:09,0.717,-1.409,0.587,-151.55,189.087,-6.042
2025-02-01, 10:28:35:59,-0.158,0.999,-0.05,315.796,281.677,231.14
2025-02-01, 10:28:36:10,-0.12,-1.224,0.84,-18.494,97.473,169.067
2025-02-01, 10:28:36:61,-0.134,-0.975,0.167,29.663,-96.863,-2.93
2025-02-01, 10:28:37:12,-0.361,-0.846,-0.435,-92.041,413.025,190.491
2025-02-01, 10:28:37:63,0.161,-0.52,0.15,-200.378,114.807,425.354
2025-02-01, 10:28:38:14,-0.169,0.793,-0.207,-195.74,-2.075,390.381
2025-02-01, 10:28:38:65,-0.223,-0.791,-1.171,13.733,-7.263,-207.642
2025-02-01, 10:28:39:16,-0.882,-0.124,-0.292,30.945,-180.603,-81.909
2025-02-01, 10:28:39:67,-0.39,-0.57,-0.062,43.213,-37.476,-17.151
2025-02-01, 10:28:40:18,-0.49,-0.391,-0.821,-48.95,65.247,46.509
2025-02-01, 10:28:40:69,-0.464,-0.942,1.206,-14.526,-61.218,13.245
2025-02-01, 10:28:41:20,-0.448,-0.502,-1.097,105.286,87.158,0.122
2025-02-01, 10:28:41:71,-0.283,-0.996,0.244,-107.056,48.035,12.878
2025-02-01, 10:28:42:22,-0.628,-0.632,-0.753,13.733,-5.432,72.754
2025-02-01, 10:28:42:73,-0.201,-1.041,0.403,-69.031,-23.132,41.931
2025-02-01, 10:28:43:24,-0.484,-0.658,-0.725,-10.498,8.179,39.001
2025-02-01, 10:28:43:75,-0.115,-1.08,0.403,-99.731,26.672,24.536
2025-02-01, 10:28:44:26,-0.736,-0.809,-0.748,95.947,180.542,63.416
2025-02-01, 10:28:44:77,-0.147,-0.857,0.265,-62.317,25.757,-49.561
2025-02-01, 10:28:45:28,-0.043,-0.712,-1.183,79.041,-109.436,4.578
2025-02-01, 10:28:45:79,0.169,-0.941,0.988,-111.938,81.116,-50.171
2025-02-01, 10:28:46:30,-0.079,-0.62,-0.319,13,-133.667,51.331
2025-02-01, 10:28:46:81,0.023,-1.406,0.766,-11.108,80.444,18.494
2025-02-01, 10:28:47:32,-0.008,-0.6,-0.185,-89.478,9.094,210.327
2025-02-01, 10:28:47:83,-0.067,-0.911,1.194,2.258,-45.959,-142.456
2025-02-01, 10:28:48:34,-0.038,-0.811,-0.598,98.206,-10.376,-11.841
2025-02-01, 10:28:48:85,0.06,-1.246,0.737,5.249,111.084,-58.777
2025-02-01, 10:28:49:36,-0.203,-0.368,-0.116,-42.236,-217.773,72.815
2025-02-01, 10:28:49:87,0.065,-1.394,-0.03,-65.186,202.881,1.526
2025-02-01, 10:28:50:38,-0.109,-0.727,0.589,30.151,-94.482,-16.846
2025-02-01, 10:28:50:89,-0.269,-0.7,-0.181,27.588,17.029,-37.598
2025-02-01, 10:28:51:40,0.415,-1.246,0.878,3.845,75.439,61.768
2025-02-01, 10:28:51:91,-0.533,-1.252,0.145,148.926,-76.721,-111.938
2025-02-01, 10:28:52:42,-0.321,-0.324,-0.424,4.15,84.106,59.814
2025-02-01, 10:28:52:93,0.225,-1.45,0.715,-22.339,34.546,23.926
2025-02-01, 10:28:53:44,-0.731,-0.784,-0.717,81.543,-46.509,-43.518
2025-02-01, 10:28:53:95,-0.132,-0.499,-0.135,-56.885,87.219,54.504
2025-02-01, 10:28:54:46,0.133,-1.299,0.595,43.579,-179.199,-28.931
2025-02-01, 10:28:54:97,-0.299,-0.85,-0.614,57.739,44.922,-79.834
2025-02-01, 10:28:55:48,0.136,-0.805,0.412,-136.475,-22.888,111.023
2025-02-01, 10:28:55:99,-0.269,-1.453,0.196,87.524,-115.112,-14.954
2025-02-01, 10:28:56:50,-0.268,-0.49,-0.856,123.047,127.625,-40.283
2025-02-01, 10:28:57:01,0.261,-0.807,0.391,-154.236,43.762,98.938
2025-02-01, 10:28:57:52,-0.068,-0.995,-0.551,-8.301,-37.048,133.85
2025-02-01, 10:28:58:03,0.582,-1.034,0.839,-3.296,36.621,-28.259
2025-02-01, 10:28:58:54,-0.21,-0.614,-0.31,4.578,-77.82,20.02
2025-02-01, 10:28:59:05,0.158,-1.444,0.772,-107.056,116.882,-13.489
2025-02-01, 10:28:59:56,0.737,-0.93,0.878,-90.942,-380.127,-188.477
2025-02-01, 10:28:60:07,-0.532,-0.509,-0.693,-107.422,-33.508,53.223
2025-02-01, 10:28:60:58,-0.49,-0.083,-0.807,-76.538,-58.777,6.47
2025-02-01, 10:28:61:09,-0.758,0.985,-1.127,-134.827,-46.204,69.763
2025-02-01, 10:28:61:60,-0.173,0.974,-0.255,-19.47,-5.31,-1.953
2025-02-01, 10:28:62:10,-0.168,0.961,-0.227,0,0.305,-0.061
2025-02-01, 10:28:62:61,-0.18,0.95,-0.238,0.977,0.488,0.061
2025-02-01, 10:28:63:12,-0.17,0.954,-0.235,-0.732,0.671,1.77
2025-02-01, 10:28:63:63,-0.154,0.94,-0.226,0.305,-1.953,5.981
2025-02-01, 10:28:64:14,-0.177,0.951,-0.294,10.559,4.883,-5.066
2025-02-01, 10:28:64:65,-0.182,0.949,-0.26,0.305,0.488,0.122
2025-02-01, 10:28:65:16,-0.18,0.948,-0.263,0.427,0.427,0.061
2025-02-01, 10:28:65:67,-0.18,0.948,-0.269,-0.549,0.305,0.061
2025-02-01, 10:28:66:18,-0.179,0.947,-0.268,0.122,0.366,0.061
2025-02-01, 10:28:66:69,-0.179,0.948,-0.27,0.244,0.427,0.122
2025-02-01, 10:28:67:20,-0.178,0.947,-0.27,0.183,0.366,0.122
2025-02-01, 10:28:67:71,-0.177,0.947,-0.271,0.061,0.366,0.122
2025-02-01, 10:28:68:22,-0.177,0.948,-0.272,0.122,0.305,0.061
2025-02-01, 10:28:68:73,-0.177,0.948,-0.272,0.122,0.366,0.061
2025-02-01, 10:28:69:24,-0.176,0.946,-0.274,-0.122,0.366,0.122
2025-02-01, 10:28:69:75,-0.176,0.945,-0.274,0.122,0.305,0.061
2025-02-01, 10:28:70:26,-0.175,0.946,-0.275,0.122,0.305,0.061
2025-02-01, 10:28:70:77,-0.175,0.945,-0.274,0.244,0.305,0.061
2025-02-01, 10:28:71:28,-0.173,0.947,-0.276,0,0.244,0.061
2025-02-01, 10:28:71:79,-0.174,0.946,-0.277,0,0.244,0
2025-02-01, 10:28:72:30,-0.174,0.945,-0.278,0.061,0.305,0.061
2025-02-01, 10:28:72:81,-0.173,0.945,-0.279,0.122,0.305,0.061
2025-02-01, 10:28:73:32,-0.173,0.945,-0.279,-0.061,0.305,0
2025-02-01, 10:28:73:83,-0.174,0.945,-0.279,0.183,0.366,0.061
2025-02-01, 10:28:74:34,-0.173,0.945,-0.28,0.122,0.366,0.061
2025-02-01, 10:28:74:85,-0.173,0.945,-0.281,0.061,0.366,0.061
2025-02-01, 10:28:75:36,-0.173,0.944,-0.281,0.122,0.305,0
2025-02-01, 10:28:75:87,-0.172,0.944,-0.282,0.061,0.366,0.061
2025-02-01, 10:28:76:38,-0.172,0.945,-0.282,0.122,0.305,0.061
2025-02-01, 10:28:76:89,-0.172,0.945,-0.282,0.061,0.366,0
2025-02-01, 10:28:77:40,-0.171,0.945,-0.283,0.061,0.305,0.061
2025-02-01, 10:28:77:91,-0.172,0.944,-0.283,0.061,0.305,0.061
2025-02-01, 10:28:78:42,-0.172,0.944,-0.284,0,0.305,0.061
2025-02-01, 10:28:78:93,-0.172,0.944,-0.284,0.061,0.305,0.061
2025-02-01, 10:28:79:43,-0.17,0.944,-0.284,0.183,0.244,0
2025-02-01, 10:28:79:94,-0.171,0.943,-0.287,-0.549,0.122,0
2025-02-01, 10:28:80:45,-0.168,0.932,-0.293,-5.615,-1.404,-0.305
2025-02-01, 10:28:80:96,-0.164,0.941,-0.305,-3.845,-1.099,-0.427
2025-02-01, 10:28:81:47,-0.165,0.94,-0.3,0.183,0.305,0.122
2025-02-01, 10:28:81:98,-0.165,0.94,-0.301,0.122,0.305,0.122
2025-02-01, 10:28:82:49,-0.164,0.939,-0.302,0.427,0.488,0.061
2025-02-01, 10:28:83:00,-0.165,0.94,-0.305,-0.061,0.244,0
2025-02-01, 10:28:83:51,-0.164,0.939,-0.303,0,0.305,0.061
2025-02-01, 10:28:84:02,-0.163,0.939,-0.304,-0.061,0.244,0
2025-02-01, 10:28:84:53,-0.164,0.939,-0.305,-0.061,0.305,0
2025-02-01, 10:28:85:04,-0.165,0.939,-0.304,0,0.305,0.061
2025-02-01, 10:28:85:55,-0.164,0.939,-0.305,0.061,0.366,0.061
2025-02-01, 10:28:86:06,-0.164,0.938,-0.305,0.061,0.305,0.061
2025-02-01, 10:28:86:56,-0.164,0.939,-0.305,0,0.305,0.061
2025-02-01, 10:28:87:07,-0.163,0.939,-0.305,0.061,0.305,0.061
2025-02-01, 10:28:87:58,-0.163,0.939,-0.306,0.122,0.305,0.061
2025-02-01, 10:28:88:08,-0.164,0.939,-0.306,0.061,0.305,0
2025-02-01, 10:28:88:59,-0.164,0.939,-0.306,-0.061,0.244,0.061
2025-02-01, 10:28:89:10,-0.165,0.939,-0.306,0.061,0.305,0.061
2025-02-01, 10:28:89:60,-0.163,0.938,-0.307,0,0.244,0
2025-02-01, 10:29:30:11,-0.163,0.938,-0.306,0.122,0.305,0.061
2025-02-01, 10:29:30:62,-0.164,0.938,-0.307,0,0.305,0.061
2025-02-01, 10:29:31:13,-0.163,0.938,-0.307,0.061,0.366,0.061
2025-02-01, 10:29:31:63,-0.163,0.938,-0.308,0,0.305,0.061
2025-02-01, 10:29:32:14,-0.164,0.938,-0.307,0.122,0.305,0
2025-02-01, 10:29:32:65,-0.163,0.907,-0.309,0,0.305,0.061
2025-02-01, 10:29:33:16,-0.163,0.938,-0.308,0,0.305,0.061
2025-02-01, 10:29:33:66,-0.163,0.937,-0.31,0.427,0.366,0.061
2025-02-01, 10:29:34:18,-0.162,0.938,-0.312,-0.183,0.244,0
2025-02-01, 10:29:34:68,-0.163,0.937,-0.311,0,0.305,0.061
2025-02-01, 10:29:35:19,-0.162,0.937,-0.311,0.061,0.366,0.061
2025-02-01, 10:29:35:70,-0.163,0.937,-0.312,0.366,0.366,0.061
2025-02-01, 10:29:36:21,-0.162,0.937,-0.312,0.122,0.305,0.061
2025-02-01, 10:29:36:72,-0.161,0.936,-0.312,0.061,0.305,0
2025-02-01, 10:29:37:23,-0.161,0.935,-0.316,0.488,0.427,0
2025-02-01, 10:29:37:74,-0.162,0.935,-0.315,0.916,0.549,0.122
2025-02-01, 10:29:38:25,-0.16,0.935,-0.323,4.761,1.77,0.61
2025-02-01, 10:29:38:76,-0.16,0.936,-0.333,0.305,0.488,0.183
2025-02-01, 10:29:39:27,-0.157,0.932,-0.338,2.075,0.916,0.244
2025-02-01, 10:29:39:78,-0.157,0.93,-0.334,0.183,0.366,0.061
2025-02-01, 10:29:40:29,-0.156,0.931,-0.335,0.488,0.427,0
2025-02-01, 10:29:40:80,-0.156,0.93,-0.337,0.305,0.427,0.061
2025-02-01, 10:29:41:31,-0.155,0.928,-0.337,0,0.244,0.061
2025-02-01, 10:29:41:82,-0.156,0.929,-0.337,0.061,0.305,0.061
2025-02-01, 10:29:42:33,-0.156,0.929,-0.338,-0.061,0.305,0
2025-02-01, 10:29:42:84,-0.156,0.929,-0.338,0.061,0.305,0.061
2025-02-01, 10:29:43:35,-0.155,0.929,-0.339,0.061,0.305,0.061
2025-02-01, 10:29:43:86,-0.156,0.929,-0.339,0,0.305,0.061
2025-02-01, 10:29:44:37,-0.156,0.928,-0.339,0.061,0.305,0
2025-02-01, 10:29:44:88,-0.156,0.928,-0.34,0.061,0.305,0
2025-02-01, 10:29:45:39,-0.154,0.928,-0.34,0,0.305,0.061
2025-02-01, 10:29:45:90,-0.156,0.928,-0.339,0.122,0.305,0.061
2025-02-01, 10:29:46:41,-0.155,0.928,-0.34,0.122,0.305,0.061
2025-02-01, 10:29:46:92,-0.155,0.928,-0.341,0,0.244,0.061
2025-02-01, 10:29:47:43,-0.156,0.927,-0.34,0.305,0.305,0.122
2025-02-01, 10:29:47:94,-0.155,0.928,-0.344,0.061,0.305,0
2025-02-01, 10:29:48:45,-0.155,0.926,-0.342,0.61,0.427,0.122
2025-02-01, 10:29:48:96,-0.155,0.927,-0.344,0.244,0.366,0.061
2025-02-01, 10:29:49:46,-0.155,0.927,-0.344,0.305,0.366,0.061
2025-02-01, 10:29:49:97,-0.154,0.926,-0.344,0,0.305,0
2025-02-01, 10:29:50:48,-0.153,0.927,-0.345,0.122,0.305,0.061
2025-02-01, 10:29:50:99,-0.154,0.926,-0.346,0.122,0.305,0
2025-02-01, 10:29:51:50,-0.155,0.927,-0.346,0.122,0.305,0.061
2025-02-01, 10:29:52:01,-0.153,0.925,-0.346,0.061,0.305,0
2025-02-01, 10:29:52:52,-0.154,0.925,-0.347,0.122,0.305,0
2025-02-01, 10:29:53:03,-0.154,0.926,-0.347,0.122,0.305,0.061
2025-02-01, 10:29:53:54,-0.154,0.925,-0.347,0,0.305,0.061
2025-02-01, 10:29:54:05,-0.153,0.925,-0.349,0.061,0.305,0
2025-02-01, 10:29:54:56,-0.153,0.925,-0.349,0,0.305,0
2025-02-01, 10:29:55:07,-0.153,0.923,-0.352,-0.122,0.305,0
2025-02-01, 10:29:55:57,-0.153,0.924,-0.352,0,0.305,0.061
2025-02-01, 10:29:56:08,-0.154,0.924,-0.351,0.122,0.305,0.061
2025-02-01, 10:29:56:59,-0.153,0.924,-0.352,0.122,0.305,0.061
2025-02-01, 10:29:57:10,-0.154,0.924,-0.352,-0.122,0.244,0
2025-02-01, 10:29:57:61,-0.153,0.924,-0.352,0.061,0.305,0.061
2025-02-01, 10:29:58:12,-0.153,0.923,-0.352,0.061,0.305,0
2025-02-01, 10:29:58:63,-0.152,0.923,-0.352,-0.366,0.183,0
2025-02-01, 10:29:59:14,-0.153,0.923,-0.352,0.122,0.305,0.061
2025-02-01, 10:29:59:65,-0.153,0.924,-0.352,0.122,0.305,0.061
2025-02-01, 10:29:60:16,-0.153,0.924,-0.351,0.061,0.305,0
2025-02-01, 10:29:60:67,-0.153,0.923,-0.353,0.427,0.427,0.061
2025-02-01, 10:29:61:18,-0.153,0.924,-0.351,0.122,0.305,0.061
2025-02-01, 10:29:61:69,-0.153,0.924,-0.353,0,0.305,0.061
2025-02-01, 10:29:62:21,-0.153,0.922,-0.353,0.122,0.305,0.061
2025-02-01, 10:29:62:71,-0.152,0.924,-0.352,-0.122,0.305,-0.061
2025-02-01, 10:29:63:22,-0.153,0.924,-0.354,-0.122,0.244,0.061
2025-02-01, 10:29:63:73,-0.153,0.923,-0.352,0,0.244,-0.061
2025-02-01, 10:29:64:24,-0.151,0.923,-0.353,0.427,0.427,0.061
2025-02-01, 10:29:64:75,-0.152,0.923,-0.355,-0.122,0.244,0.061
2025-02-01, 10:29:65:26,-0.152,0.923,-0.355,0,0.305,0
2025-02-01, 10:29:65:77,-0.152,0.922,-0.355,0,0.305,0.061
2025-02-01, 10:29:66:28,-0.152,0.922,-0.354,0,0.305,0
2025-02-01, 10:29:66:79,-0.152,0.923,-0.354,0,0.305,0
2025-02-01, 10:29:67:30,-0.152,0.923,-0.355,-0.061,0.305,0.061
2025-02-01, 10:29:67:81,-0.151,0.923,-0.355,0.061,0.305,0.061
2025-02-01, 10:29:68:32,-0.152,0.922,-0.354,0.061,0.305,0.061
2025-02-01, 10:29:68:82,-0.152,0.923,-0.354,-0.122,0.305,0
2025-02-01, 10:29:69:33,-0.152,0.923,-0.355,0.122,0.305,0.061
2025-02-01, 10:29:69:84,-0.15,0.919,-0.364,0.183,0.366,0.122
2025-02-01, 10:29:70:35,-0.15,0.921,-0.365,-0.549,0.244,-0.061
2025-02-01, 10:29:70:86,-0.151,0.918,-0.366,-0.183,0.244,0
2025-02-01, 10:29:71:37,-0.149,0.918,-0.369,-0.122,0.305,0
2025-02-01, 10:29:71:87,-0.15,0.919,-0.371,1.77,0.549,0.183
2025-02-01, 10:29:72:38,-0.15,0.921,-0.36,-1.16,0,0.122
2025-02-01, 10:29:72:89,-0.151,0.92,-0.362,0,0.244,0
2025-02-01, 10:29:73:40,-0.151,0.921,-0.354,7.507,2.197,0.671
2025-02-01, 10:29:73:91,-0.171,0.767,-0.027,-12.756,-1.343,4.395
2025-02-01, 10:29:74:42,-0.074,1.083,-0.014,-64.758,-21.484,-42.725
2025-02-01, 10:29:74:93,-0.535,0.814,0.322,9.46,-17.822,-46.082
2025-02-01, 10:29:75:44,-0.905,0.226,0.485,-48.523,67.627,-15.137
2025-02-01, 10:29:75:95,-0.792,0.264,-0.508,84.106,125.916,-56.03
2025-02-01, 10:29:76:46,-0.533,0.075,-0.984,-100.647,11.475,-0.061
2025-02-01, 10:29:76:97,-0.569,0.366,-0.763,-1.831,0.061,0.244
2025-02-01, 10:29:77:48,-0.585,0.361,-0.737,2.563,-0.366,0.305
2025-02-01, 10:29:77:99,-0.563,0.533,-0.802,-38.513,-57.19,-53.04
2025-02-01, 10:29:78:50,-0.385,-1.039,1.205,84.839,59.998,-106.079
2025-02-01, 10:29:79:01,-0.198,-0.264,1.148,0.427,-12.817,44.312
2025-02-01, 10:29:79:52,-0.32,-0.118,0.992,23.804,47.18,-18.86
2025-02-01, 10:29:80:03,-0.581,-0.176,0.776,-18.005,-22.095,9.705
2025-02-01, 10:29:80:54,-0.464,-0.074,0.861,42.297,9.766,2.258
2025-02-01, 10:29:81:05,-0.371,0.027,0.922,9.827,4.15,3.784
2025-02-01, 10:29:81:56,-0.415,0.107,0.881,7.69,4.7,-1.343
2025-02-01, 10:29:82:07,-0.43,0.136,0.889,1.526,1.282,-0.671
2025-02-01, 10:29:82:58,-0.388,0.124,0.922,-8.85,-7.08,3.174
2025-02-01, 10:29:83:09,-0.437,0.12,0.906,1.282,2.014,-1.038
2025-02-01, 10:29:83:60,-0.448,0.119,0.88,-1.587,0.366,1.282
2025-02-01, 10:29:84:11,-0.422,0.08,0.902,0.183,0.427,-1.16
2025-02-01, 10:29:84:62,-0.398,0.088,0.911,0.488,-0.916,-0.366
2025-02-01, 10:29:85:12,-0.471,0.116,0.84,-5.554,-1.038,1.892
2025-02-01, 10:29:85:63,-0.45,0.081,0.884,-3.662,5.798,-9.46
2025-02-01, 10:29:86:14,-0.437,0.1,0.908,7.568,-9.155,12.512
2025-02-01, 10:29:86:65,-0.347,0.008,0.939,-4.578,-0.977,1.282
2025-02-01, 10:29:87:17,-0.355,-0.016,0.932,-0.427,0.122,0.122
2025-02-01, 10:29:87:68,-0.355,-0.017,0.931,0.488,0.977,0.244
2025-02-01, 10:29:88:18,-0.358,-0.016,0.928,-2.991,-1.77,1.16
2025-02-01, 10:29:88:69,-0.35,-0.024,0.931,-2.869,-1.404,0
2025-02-01, 10:29:89:20,-0.344,0.094,0.883,33.691,33.386,-35.889
2025-02-01, 10:29:89:71,-0.459,-0.065,0.875,-3.479,-2.319,-0.732
2025-02-01, 10:30:30:22,-0.454,-0.064,0.89,-0.061,1.404,-1.343
2025-02-01, 10:30:30:73,-0.434,-0.05,0.899,0.305,-8.301,5.066
2025-02-01, 10:30:31:24,-0.414,-0.041,0.903,2.563,2.136,-1.526
2025-02-01, 10:30:31:75,-0.417,-0.039,0.904,-0.916,0.122,0
2025-02-01, 10:30:32:26,-0.416,-0.048,0.91,0.977,0.366,-0.61
2025-02-01, 10:30:32:77,-0.415,-0.035,0.904,0.671,0.671,0.427
2025-02-01, 10:30:33:28,-0.415,-0.041,0.936,0,0.427,-0.488
2025-02-01, 10:30:33:78,-0.411,-0.05,0.908,-1.77,-0.366,0.305
2025-02-01, 10:30:34:29,-0.409,-0.055,0.91,0.061,0.305,0.549
2025-02-01, 10:30:34:80,-0.407,-0.056,0.91,0.244,0.122,0.122
2025-02-01, 10:30:35:31,-0.406,-0.057,0.91,0.061,0.244,0
2025-02-01, 10:30:35:82,-0.406,-0.059,0.912,-0.244,0.183,0
2025-02-01, 10:30:36:33,-0.396,-0.036,0.926,8.057,-1.892,1.892
2025-02-01, 10:30:36:84,-0.396,0.048,0.91,7.263,2.686,-0.305
2025-02-01, 10:30:37:34,-0.408,0.244,0.87,48.95,20.325,17.883
2025-02-01, 10:30:37:85,-0.43,0.343,0.849,2.869,-0.122,-6.348
2025-02-01, 10:30:38:36,-0.296,0.012,0.977,-22.766,0.366,2.136
2025-02-01, 10:30:38:87,-0.317,-0.045,0.949,-1.099,-0.427,0.916
2025-02-01, 10:30:39:38,-0.326,-0.062,0.941,-0.366,0.916,-0.122
2025-02-01, 10:30:39:89,-0.325,-0.062,0.942,0.061,0.305,0.183
2025-02-01, 10:30:40:40,-0.325,-0.068,0.941,0,0.305,0
2025-02-01, 10:30:40:91,-0.328,-0.07,0.938,0.183,0.488,-0.122
2025-02-01, 10:30:41:42,-0.329,-0.071,0.969,-0.122,0.183,0
2025-02-01, 10:30:41:93,-0.328,-0.074,0.939,-0.061,0.183,0.183
2025-02-01, 10:30:42:44,-0.329,-0.075,0.938,0,0.305,0.122
2025-02-01, 10:30:42:95,-0.329,-0.077,0.939,0.061,0.366,0
2025-02-01, 10:30:43:46,-0.329,-0.076,0.939,-0.061,0.427,-0.061
2025-02-01, 10:30:43:97,-0.328,-0.076,0.939,-0.061,0.183,0.183
2025-02-01, 10:30:44:48,-0.328,-0.082,0.936,-0.793,0.366,0.366
2025-02-01, 10:30:44:99,-0.31,-0.353,0.95,-30.273,33.63,187.073
2025-02-01, 10:30:45:50,-0.076,0.114,1.012,5.188,-2.014,-7.141
2025-02-01, 10:30:46:01,-0.079,0.153,0.987,0.916,0.122,1.038
2025-02-01, 10:30:46:52,-0.183,0.143,0.93,2.625,26.489,-41.382
2025-02-01, 10:30:47:03,-0.479,0.116,0.885,8.484,47.668,-60.364
2025-02-01, 10:30:47:54,-0.758,-0.139,0.626,-8.789,-55.908,41.26
2025-02-01, 10:30:48:05,-0.375,0.33,0.894,8.606,-21.24,-18.494
2025-02-01, 10:30:48:56,-0.242,0.153,0.951,-2.808,-3.601,-0.061
2025-02-01, 10:30:49:07,-0.232,0.049,0.967,-2.93,-0.671,-0.732
2025-02-01, 10:30:49:58,-0.224,0.04,0.974,-0.793,-0.488,1.587
2025-02-01, 10:30:50:09,-0.535,0.017,0.519,74.585,263.916,-134.46
2025-02-01, 10:30:50:60,-0.794,-0.261,-0.353,-49.377,87.463,-22.827
2025-02-01, 10:30:51:11,-0.539,-0.504,-0.736,-37.231,20.752,21.423
2025-02-01, 10:30:51:61,-0.626,-0.196,-0.141,65.857,-291.382,119.995
2025-02-01, 10:30:52:13,-0.664,-0.353,0.633,18.799,6.958,-27.71
2025-02-01, 10:30:52:64,-0.582,-0.191,0.792,-2.563,1.099,-1.526
2025-02-01, 10:30:53:15,-0.57,-0.192,0.79,-0.916,1.099,1.526
2025-02-01, 10:30:53:66,-0.566,-0.196,0.794,-0.793,-1.038,-0.061
2025-02-01, 10:30:54:17,-0.561,-0.198,0.809,-0.977,-0.061,0.916
2025-02-01, 10:30:54:68,-0.557,-0.19,0.801,-0.244,-1.038,2.136
2025-02-01, 10:30:55:19,-0.551,-0.185,0.812,0.061,1.404,-0.122
2025-02-01, 10:30:55:70,-0.552,-0.186,0.818,0.61,-0.305,1.16
2025-02-01, 10:30:56:21,-0.543,-0.187,0.81,1.465,-0.244,0.977
2025-02-01, 10:30:56:72,-0.528,-0.163,0.835,-0.732,-0.122,1.526
2025-02-01, 10:30:57:23,-0.526,-0.157,0.838,-0.61,0.183,1.16
2025-02-01, 10:30:57:74,-0.52,-0.153,0.849,0.977,-0.183,1.587
2025-02-01, 10:30:58:25,-0.513,-0.154,0.855,1.038,0.732,-0.488
2025-02-01, 10:30:58:76,-0.514,-0.146,0.86,-1.648,2.93,-3.906
2025-02-01, 10:30:59:27,-0.528,-0.176,0.834,-2.38,2.441,-1.831
2025-02-01, 10:30:59:77,-0.532,-0.208,0.823,0.61,0.183,0.427
2025-02-01, 10:30:60:28,-0.53,-0.2,0.821,-1.282,-0.793,0
2025-02-01, 10:30:60:79,-0.371,-0.169,0.744,-24.048,-73.364,-7.629
2025-02-01, 10:30:61:30,-0.69,-0.709,0.313,-43.579,25.696,15.076
2025-02-01, 10:30:61:81,-0.556,-0.837,-0.161,-28.381,29.114,-21.79
2025-02-01, 10:30:62:32,-0.585,-0.745,-0.097,-0.977,-46.387,-22.4
2025-02-01, 10:30:62:83,-0.342,-1.002,0.022,-8.423,-40.649,4.272
2025-02-01, 10:30:63:34,-0.184,-0.935,0.17,23.56,6.836,14.099
2025-02-01, 10:30:63:85,-0.262,-0.938,0.219,0.61,-0.488,0.977
2025-02-01, 10:30:64:36,-0.243,-0.941,0.221,-5.737,-0.854,-6.042
2025-02-01, 10:30:64:87,-0.226,-0.948,0.248,4.7,0.977,0.793
2025-02-01, 10:30:65:38,-0.232,-0.956,0.256,4.7,5.249,9.949
2025-02-01, 10:30:65:89,-0.259,-0.785,0.512,116.516,37.903,-6.775
2025-02-01, 10:30:66:40,-0.534,-0.529,0.806,9.216,14.954,-0.244
2025-02-01, 10:30:66:91,-0.682,-0.43,0.575,11.78,0.122,2.441
2025-02-01, 10:30:67:42,-0.577,-0.633,0.519,-11.78,-3.662,-4.883
2025-02-01, 10:30:67:93,-0.544,-0.661,0.506,-1.892,2.441,1.587
2025-02-01, 10:30:68:44,-0.542,-0.677,0.508,-1.465,1.892,1.038
2025-02-01, 10:30:68:95,-0.541,-0.672,0.497,-0.61,-0.671,-2.502
2025-02-01, 10:30:69:46,-0.536,-0.678,0.499,-0.671,-0.061,0.122
2025-02-01, 10:30:69:97,-0.541,-0.677,0.493,0.549,-0.549,-0.427
2025-02-01, 10:30:70:48,-0.384,-1.069,0.099,-45.105,61.218,-29.846
2025-02-01, 10:30:70:99,-0.829,-0.537,-0.086,-35.034,-21.362,61.462
2025-02-01, 10:30:71:50,-0.702,-0.629,-0.285,-12.634,64.087,-10.925
2025-02-01, 10:30:72:01,-0.391,-0.589,-0.726,2.747,2.258,-0.732
2025-02-01, 10:30:72:52,-0.38,-0.525,-0.704,5.432,-5.066,34.241
2025-02-01, 10:30:73:03,-0.541,-0.339,-0.792,0.244,2.075,10.925
2025-02-01, 10:30:73:54,-0.538,-0.345,-0.79,2.502,6.287,3.113
2025-02-01, 10:30:74:06,-0.529,-0.393,-0.764,-0.732,-5.676,-13.062
2025-02-01, 10:30:74:57,-0.539,-0.448,-0.739,1.099,-5.127,-8.972
2025-02-01, 10:30:75:07,-0.545,-0.423,-0.772,-5.432,2.625,-1.038
2025-02-01, 10:30:75:58,-0.513,-0.419,-0.78,-3.052,1.038,-0.305
2025-02-01, 10:30:76:10,-0.449,-0.379,-0.827,-1.038,6.775,-10.376
2025-02-01, 10:30:76:61,-0.247,-0.532,-0.932,2.869,19.653,-57.922
2025-02-01, 10:30:77:12,-0.885,0.127,-0.009,-79.834,-180.969,95.581
2025-02-01, 10:30:77:63,-0.531,-0.27,1.298,14.648,11.963,2.319
2025-02-01, 10:30:78:14,-0.586,-0.352,0.754,33.508,28.076,-40.405
2025-02-01, 10:30:78:65,-0.862,-0.446,0.289,-12.878,21.606,-19.165
2025-02-01, 10:30:79:16,-0.704,-0.831,-0.106,2.747,3.662,17.517
2025-02-01, 10:30:79:67,-0.632,-0.599,0.682,54.504,-56.824,-18.066
2025-02-01, 10:30:80:18,-0.561,-0.442,0.725,-3.54,-2.869,9.705
2025-02-01, 10:30:80:69,-0.555,-0.472,0.683,-0.488,-0.183,0.183
2025-02-01, 10:30:81:20,-0.549,-0.485,0.689,-0.183,-0.122,0.549
2025-02-01, 10:30:81:71,-0.546,-0.484,0.69,0.122,1.465,0.427
2025-02-01, 10:30:82:22,-0.544,-0.482,0.694,0.305,-0.549,-0.305
2025-02-01, 10:30:82:73,-0.539,-0.479,0.689,-0.854,-0.305,0.427
2025-02-01, 10:30:83:25,-0.535,-0.483,0.695,0.488,-0.061,-0.427
2025-02-01, 10:30:83:76,-0.532,-0.48,0.693,-0.732,-0.977,0.427
2025-02-01, 10:30:84:27,-0.53,-0.487,0.697,0.366,-1.099,-1.587
2025-02-01, 10:30:84:78,-0.53,-0.489,0.695,0.122,0.671,0.061
2025-02-01, 10:30:85:29,-0.528,-0.483,0.698,-0.305,0.061,0.244
2025-02-01, 10:30:85:80,-0.529,-0.487,0.681,1.282,-1.16,-2.075
2025-02-01, 10:30:86:31,-0.527,-0.498,0.707,1.404,-0.122,-0.671
2025-02-01, 10:30:86:81,-0.525,-0.487,0.705,-0.427,0.122,0.732
2025-02-01, 10:30:87:32,-0.518,-0.52,0.687,-2.869,-1.099,-3.418
2025-02-01, 10:30:87:82,-0.517,-0.487,0.715,-0.183,-2.869,-0.244
2025-02-01, 10:30:88:33,-0.516,-0.482,0.719,-0.61,1.16,0.732
2025-02-01, 10:30:88:84,-0.516,-0.438,0.687,-3.113,-2.747,3.723
2025-02-01, 10:30:89:34,-0.508,-0.525,0.682,1.099,3.235,1.404
2025-02-01, 10:30:89:85,-0.484,-0.68,-0.546,75.5,142.578,-157.471
2025-02-01, 10:31:30:36,-0.032,-1.062,-0.558,-52.795,-22.4,14.954
2025-02-01, 10:31:30:87,0.281,-1.419,-0.486,198.303,62.012,20.142
2025-02-01, 10:31:31:37,-0.541,-0.257,0.705,-27.954,-6.958,-44.373
2025-02-01, 10:31:31:88,-0.376,-0.241,0.88,-2.869,-6.897,3.235
2025-02-01, 10:31:32:39,-0.325,-0.242,0.929,-3.235,-2.93,-11.047
2025-02-01, 10:31:32:90,-0.211,-0.326,0.977,23.376,97.046,25.513
2025-02-01, 10:31:33:41,-0.831,-0.041,0.691,32.288,102.417,90.149
2025-02-01, 10:31:33:92,-0.881,-0.013,0.408,-8.179,-128.601,-30.64
2025-02-01, 10:31:34:43,-0.723,-0.06,0.701,0.793,1.038,0.732
2025-02-01, 10:31:34:94,-0.754,-0.044,0.639,5.554,24.597,5.493
2025-02-01, 10:31:35:45,-0.763,-0.036,0.66,0.305,-0.427,0
2025-02-01, 10:31:35:96,-1.025,0.122,-0.357,-9.888,20.447,17.639
2025-02-01, 10:31:36:47,-0.926,0.053,0.183,1.465,15.015,-3.479
2025-02-01, 10:31:36:98,-0.685,-0.024,0.476,-36.438,-149.17,-38.574
2025-02-01, 10:31:37:49,-0.656,-0.071,0.633,22.095,152.405,35.217
2025-02-01, 10:31:38:00,-0.404,-0.195,0.837,8.362,19.47,1.038
2025-02-01, 10:31:38:51,-0.053,-0.546,1.77,-28.32,-98.694,-40.344
2025-02-01, 10:31:39:02,-0.702,0.052,0.073,-49.744,-224.243,-40.955
2025-02-01, 10:31:39:53,-0.969,0.132,-0.041,11.169,52.551,15.686
2025-02-01, 10:31:40:04,-0.186,-0.328,1.156,1.709,15.747,2.319
2025-02-01, 10:31:40:55,-0.905,0.149,0.298,89.783,-36.56,-90.637
2025-02-01, 10:31:41:06,-0.887,-0.413,0.099,-11.108,-34.302,27.344
2025-02-01, 10:31:41:57,-0.398,-0.209,0.964,41.26,248.169,6.897
2025-02-01, 10:31:42:08,-0.287,-0.248,1.116,-37.231,-101.196,9.399
2025-02-01, 10:31:42:59,-0.106,-0.434,1.77,38.757,157.837,36.133
2025-02-01, 10:31:43:10,-0.496,-0.179,0.452,7.996,89.05,20.752
2025-02-01, 10:31:43:61,0.012,-0.45,1.413,-30.762,-140.747,-60.181
2025-02-01, 10:31:44:12,-0.193,-0.442,1.067,26.611,132.202,60.486
2025-02-01, 10:31:44:63,-0.541,-0.07,0.447,33.63,9.277,-48.828
2025-02-01, 10:31:45:14,-0.52,-0.316,0.755,-2.014,-5.859,-6.592
2025-02-01, 10:31:45:66,-0.177,-0.403,0.909,-1.099,-5.615,-1.709
2025-02-01, 10:31:46:17,-0.677,-0.173,0.67,-7.08,5.249,2.808
2025-02-01, 10:31:46:68,-0.902,-0.485,-0.332,-38.269,-58.35,15.442
2025-02-01, 10:31:47:19,-0.547,-0.266,0.684,-59.448,-93.872,17.212
2025-02-01, 10:31:47:70,-0.293,-0.366,0.851,-18.066,-34.851,1.892
2025-02-01, 10:31:48:21,-0.154,-0.414,0.895,0.122,-2.319,-2.93
2025-02-01, 10:31:48:72,-0.349,-0.289,1.01,38.879,142.761,8.484
2025-02-01, 10:31:49:23,-0.925,-0.304,0.191,-45.41,94.727,-24.902
2025-02-01, 10:31:49:74,-0.935,-0.331,0.254,-26.062,-57.312,19.47
2025-02-01, 10:31:50:24,-0.925,-0.312,0.286,-0.671,-1.038,1.16
2025-02-01, 10:31:50:75,-0.919,-0.323,0.266,-0.183,-0.549,-0.244
2025-02-01, 10:31:51:26,-0.893,-0.605,-0.89,38.147,50.537,-50.232
2025-02-01, 10:31:51:77,-0.566,-0.127,0.951,-80.078,-232.483,37.17
2025-02-01, 10:31:52:28,-0.732,-0.21,0.281,38.696,110.84,-42.175
2025-02-01, 10:31:52:79,-0.674,-0.269,0.675,-2.747,-3.906,0.488
2025-02-01, 10:31:53:30,-0.699,-0.268,0.611,9.888,26.062,-4.578
2025-02-01, 10:31:53:81,-0.67,-0.238,0.616,-57.617,-160.095,32.776
2025-02-01, 10:31:54:32,-0.783,-0.384,0.26,-38.391,-98.022,50.476
2025-02-01, 10:31:54:83,-0.358,-0.218,0.856,-134.705,-325.684,45.166
2025-02-01, 10:31:55:34,-0.557,-0.225,0.703,-72.876,-168.701,22.339
2025-02-01, 10:31:55:85,-0.84,-0.319,0.184,-18.982,-53.223,28.442
2025-02-01, 10:31:56:36,-0.399,-0.345,0.663,-15.991,-42.664,-3.479
2025-02-01, 10:31:56:87,-0.668,-0.418,0.288,-80.994,-175.903,53.04
2025-02-01, 10:31:57:38,-0.812,-0.509,0.407,-31.86,-42.725,10.01
2025-02-01, 10:31:57:88,-0.868,-0.481,0.224,7.446,71.96,-49.622
2025-02-01, 10:31:58:39,-0.777,-0.136,0.801,47.363,109.741,-18.677
2025-02-01, 10:31:58:90,-0.47,-0.345,-0.08,197.754,338.074,-166.809
2025-02-01, 10:31:59:41,-0.794,-0.231,0.636,-11.047,-17.029,20.447
2025-02-01, 10:31:59:93,-0.775,-0.361,0.524,1.099,4.272,-1.221
2025-02-01, 10:31:60:44,-0.762,-0.371,0.544,0.854,1.892,-0.061
2025-02-01, 10:31:60:95,-0.767,-0.37,0.533,1.404,1.77,-0.061
2025-02-01, 10:31:61:46,-0.766,-0.372,0.542,0.977,1.77,0.671
2025-02-01, 10:31:61:97,-0.77,-0.365,0.543,0.488,2.258,0.305
2025-02-01, 10:31:62:48,-0.774,-0.379,0.538,-0.061,1.221,0.549
2025-02-01, 10:31:62:99,-0.777,-0.365,0.518,1.221,1.099,-0.366
2025-02-01, 10:31:63:50,-0.774,-0.373,0.527,-1.587,-0.854,0.488
2025-02-01, 10:31:64:01,-0.768,-0.407,0.521,3.113,2.991,-0.793
2025-02-01, 10:31:64:51,-0.772,-0.379,0.527,-0.732,-1.221,0.244
2025-02-01, 10:31:65:02,-0.763,-0.507,0.424,12.817,-18.066,15.503
2025-02-01, 10:31:65:53,-0.879,-0.498,-0.038,-22.156,93.872,-95.032
2025-02-01, 10:31:66:04,-0.41,-0.957,-0.373,62.439,-28.503,33.02
2025-02-01, 10:31:66:55,-0.961,-0.155,0.252,2.869,8.545,-3.54
2025-02-01, 10:31:67:06,-0.902,-0.365,0.262,-1.648,-2.075,-2.136
2025-02-01, 10:31:67:57,-0.851,-0.41,0.194,-7.324,-31.311,-0.61
2025-02-01, 10:31:68:08,-0.797,-0.557,0.18,-15.564,-11.047,-11.292
2025-02-01, 10:31:68:59,-0.786,-0.495,0.407,-2.014,-0.122,0.977
2025-02-01, 10:31:69:10,-0.786,-0.485,0.393,-0.366,1.221,0.488
2025-02-01, 10:31:69:61,-0.788,-0.485,0.394,-0.671,-0.488,0.183
2025-02-01, 10:31:70:12,-0.789,-0.492,0.398,0,0,-0.427
2025-02-01, 10:31:70:63,-0.786,-0.504,0.283,3.357,19.409,-11.536
2025-02-01, 10:31:71:14,-0.725,-0.47,0.544,23.315,55.481,4.517
2025-02-01, 10:31:71:65,-0.78,-0.421,0.542,-7.324,-22.217,18.555
2025-02-01, 10:31:72:16,-0.637,-0.221,0.805,24.048,16.541,-29.175
2025-02-01, 10:31:72:67,-0.808,-0.279,0.44,32.654,61.279,-9.277
2025-02-01, 10:31:73:18,-0.778,-0.245,0.551,25.879,-17.456,-22.949
2025-02-01, 10:31:73:69,-0.422,-0.432,0.811,-10.315,-11.78,-13.184
2025-02-01, 10:31:74:20,-0.678,-0.519,0.372,1.038,81.665,-56.824
2025-02-01, 10:31:74:71,-0.595,-0.639,0.466,35.95,-56.152,3.906
2025-02-01, 10:31:75:22,-0.167,-0.374,0.839,-63.11,125.488,-70.862
2025-02-01, 10:31:75:73,-0.704,-0.439,0.373,76.904,28.503,22.644
2025-02-01, 10:31:76:24,-0.478,0.71,0.643,55.42,-52.734,-52.856
2025-02-01, 10:31:76:75,-0.559,0.107,0.774,-1.648,-0.916,29.785
2025-02-01, 10:31:77:26,-0.555,0.196,0.816,4.15,0.366,0.427
2025-02-01, 10:31:77:77,-0.558,0.206,0.803,0,0.427,0.488
2025-02-01, 10:31:78:28,-0.555,0.21,0.803,-0.061,0.061,-0.671
2025-02-01, 10:31:78:79,-0.556,0.205,0.806,0.366,0.488,0.366
2025-02-01, 10:31:79:30,-0.555,0.205,0.798,-0.732,0.305,1.16
2025-02-01, 10:31:79:81,-0.553,0.21,0.808,0.854,0.244,-0.61
2025-02-01, 10:31:80:32,-0.552,0.215,0.805,-0.305,0.183,-0.061
2025-02-01, 10:31:80:83,-0.579,0.158,0.7,36.56,-19.287,19.714
2025-02-01, 10:31:81:34,-0.469,0.008,0.852,-80.994,-17.212,4.944
2025-02-01, 10:31:81:85,-0.878,-0.228,0.368,-10.62,42.603,-29.175
2025-02-01, 10:31:82:36,-0.791,0.554,0.503,15.625,-39.429,31.189
2025-02-01, 10:31:82:87,-0.623,0.22,0.751,-61.035,-26.245,67.688
2025-02-01, 10:31:83:38,-0.632,0.026,0.74,-17.09,-8.728,0
2025-02-01, 10:31:83:89,-0.607,0.085,0.792,-1.465,-0.061,0.488
2025-02-01, 10:31:84:39,-0.603,0.064,0.796,-0.061,0.427,-0.854
2025-02-01, 10:31:84:90,-0.601,0.08,0.798,0.793,0.183,0.671
2025-02-01, 10:31:85:41,-0.606,0.077,0.793,0.671,0.427,0.793
2025-02-01, 10:31:85:92,-0.603,0.072,0.794,-0.366,0.488,-0.122
2025-02-01, 10:31:86:43,-0.6,0.062,0.8,-2.075,-15.564,1.038
2025-02-01, 10:31:86:94,-0.598,0.061,0.792,-1.465,0.061,0.732
2025-02-01, 10:31:87:45,-0.596,0.056,0.801,-0.549,0,0.244
2025-02-01, 10:31:87:96,-0.596,0.062,0.802,0.183,0.61,0
2025-02-01, 10:31:88:47,-0.594,0.054,0.802,-0.916,0.183,0.366
2025-02-01, 10:31:88:97,-0.593,0.051,0.804,-0.122,0.061,0.244
2025-02-01, 10:31:89:48,-0.593,0.055,0.804,-0.061,0.244,-0.183
2025-02-01, 10:31:89:99,-0.592,0.047,0.809,0.305,0.61,-0.732
2025-02-01, 10:32:30:50,-0.593,0.05,0.805,-0.305,0.183,0.244
2025-02-01, 10:32:31:01,-0.572,0.066,0.83,-0.61,-0.732,-0.366
2025-02-01, 10:32:31:51,-0.574,0.056,0.817,-0.671,0.732,-0.122
2025-02-01, 10:32:32:02,-0.578,0.054,0.807,-2.014,5.493,-7.263
2025-02-01, 10:32:32:53,-0.666,-0.224,0.693,11.841,-5.737,17.822
2025-02-01, 10:32:33:04,-0.627,-0.224,0.669,-13.428,24.475,-63.354
2025-02-01, 10:32:33:55,-0.602,0.099,0.745,-18.066,54.321,-73.73
2025-02-01, 10:32:34:05,-0.765,-0.478,0.366,11.963,15.991,-76.721
2025-02-01, 10:32:34:56,-0.391,-0.818,0.67,14.282,-21.606,-17.212
2025-02-01, 10:32:35:07,-0.39,-0.603,0.699,1.282,-0.977,2.747
2025-02-01, 10:32:35:58,-0.406,-0.263,0.58,33.752,-73.853,173.584
2025-02-01, 10:32:36:09,-0.351,0.106,0.851,-93.75,146.423,-139.404
2025-02-01, 10:32:36:60,-0.247,-0.691,0.485,35.583,7.08,-1.587
2025-02-01, 10:32:37:11,-0.576,0.191,0.887,-55.908,-37.292,141.724
2025-02-01, 10:32:37:62,-0.594,0.161,1.063,-24.841,63.782,-125.427
2025-02-01, 10:32:38:13,-0.41,-0.677,0.624,16.113,1.16,13.428
2025-02-01, 10:32:38:64,-0.458,0.011,0.864,-30.029,21.423,-24.292
2025-02-01, 10:32:39:15,-0.412,-0.388,0.833,38.696,-16.907,80.75
2025-02-01, 10:32:39:66,-0.348,-0.021,0.942,-22.217,14.099,-12.695
2025-02-01, 10:32:40:17,-0.38,-0.007,0.926,-2.502,0.427,0.854
2025-02-01, 10:32:40:68,-0.377,-0.02,0.923,0.305,0.488,0.122
2025-02-01, 10:32:41:18,-0.377,-0.023,0.922,-0.305,0.183,0.549
2025-02-01, 10:32:41:69,-0.377,-0.024,0.924,-0.244,-0.122,-0.061
2025-02-01, 10:32:42:20,-0.375,-0.023,0.926,0.732,0.183,0.183
2025-02-01, 10:32:42:71,-0.373,-0.025,0.921,-0.183,0.366,0.549
2025-02-01, 10:32:43:22,-0.373,-0.026,0.926,0,0.244,0
2025-02-01, 10:32:43:73,-0.371,-0.022,0.926,0.427,0.366,0.183
2025-02-01, 10:32:44:24,-0.37,-0.02,0.925,0.061,-0.061,0.244
2025-02-01, 10:32:44:75,-0.369,-0.023,0.927,-0.244,0.244,0.305
2025-02-01, 10:32:45:26,-0.37,-0.02,0.925,0.183,0.183,0.061
2025-02-01, 10:32:45:77,-0.37,-0.014,0.928,-0.366,0.244,0.244
2025-02-01, 10:32:46:28,-0.369,-0.019,0.925,-0.061,0.183,0
2025-02-01, 10:32:46:79,-0.367,-0.021,0.929,-0.122,0.305,-0.488
2025-02-01, 10:32:47:30,-0.366,-0.019,0.926,-0.122,0.305,0.061
2025-02-01, 10:32:47:81,-0.366,-0.019,0.928,0.061,0.244,0.122
2025-02-01, 10:32:48:32,-0.366,-0.019,0.926,0.244,0.122,0
2025-02-01, 10:32:48:84,-0.366,-0.02,0.926,0,0.244,0.122
2025-02-01, 10:32:49:34,-0.367,-0.021,0.927,0.488,0.305,0.183
2025-02-01, 10:32:49:86,-0.366,-0.021,0.925,-0.061,0.488,0
2025-02-01, 10:32:50:37,-0.368,-0.019,0.927,0.366,0.488,-0.122
2025-02-01, 10:32:50:88,-0.368,-0.012,0.934,0.732,0.793,-0.305
2025-02-01, 10:32:51:38,-0.404,0.007,0.908,6.287,4.883,-3.662
2025-02-01, 10:32:51:89,-0.503,0.041,0.866,1.404,9.094,-18.555
2025-02-01, 10:32:52:40,-0.565,-0.04,0.788,-9.766,6.592,-13.306
2025-02-01, 10:32:52:91,-0.401,-0.73,0.686,-17.151,-5.615,-56.274
2025-02-01, 10:32:53:42,-0.304,-0.611,0.72,-0.305,-0.793,0.366
2025-02-01, 10:32:53:93,-0.302,-0.619,0.723,0.488,1.16,1.221
2025-02-01, 10:32:54:44,-0.388,-0.353,0.812,32.654,-27.893,85.266
2025-02-01, 10:32:54:95,-0.359,-0.109,0.906,3.845,0.977,6.104
2025-02-01, 10:32:55:46,-0.36,-0.121,0.922,-0.732,0,-0.427
2025-02-01, 10:32:55:98,-0.356,-0.123,0.921,-0.366,-0.061,0.305
2025-02-01, 10:32:56:49,-0.355,-0.126,0.925,0.366,0.366,0.61
2025-02-01, 10:32:56:99,-0.354,-0.131,0.925,-1.221,-0.183,-0.732
2025-02-01, 10:32:57:50,-0.368,-0.151,0.906,-4.272,-4.7,3.601
2025-02-01, 10:32:58:01,-0.37,-0.345,0.873,70.557,-24.78,61.462
2025-02-01, 10:32:58:52,-0.308,0.115,0.939,-8.972,0.549,-3.54
2025-02-01, 10:32:59:03,-0.302,0.094,0.95,7.874,-0.549,5.615
2025-02-01, 10:32:59:54,-0.314,0.092,0.95,-3.784,0.916,-0.061
2025-02-01, 10:32:60:05,-0.317,0.12,0.93,0.427,-0.183,-0.793
2025-02-01, 10:32:60:56,-0.321,0.109,0.933,-2.197,0.854,-1.892
2025-02-01, 10:32:61:07,-0.311,0.105,0.934,-0.061,0.061,-0.854
2025-02-01, 10:32:61:58,-0.315,0.099,0.943,1.16,0.854,0.305
2025-02-01, 10:32:62:09,-0.318,0.078,0.944,-2.075,0.305,-0.366
2025-02-01, 10:32:62:60,-0.315,0.103,0.937,-1.709,0.122,0
2025-02-01, 10:32:63:11,-0.312,0.096,0.945,2.808,0.427,1.587
2025-02-01, 10:32:63:62,-0.326,0.078,0.933,-2.563,-0.793,-1.648
2025-02-01, 10:32:64:13,-0.304,0.102,0.938,2.075,-0.122,0.671
2025-02-01, 10:32:64:64,-0.313,0.098,0.941,1.831,1.221,-0.122
2025-02-01, 10:32:65:15,-0.303,0.122,0.948,-1.953,0.366,0.671
2025-02-01, 10:32:65:66,-0.313,0.095,0.941,1.892,0.671,0.977
2025-02-01, 10:32:66:16,-0.305,0.105,0.947,-0.671,-0.244,0.427
2025-02-01, 10:32:66:67,-0.314,0.118,0.929,3.662,-2.747,-1.343
2025-02-01, 10:32:67:18,-0.3,0.133,0.933,2.075,-0.977,0.183
2025-02-01, 10:32:67:69,-0.292,0.052,0.96,-10.01,3.418,-1.892
2025-02-01, 10:32:68:21,-0.286,0.08,0.952,0.732,-1.038,-0.61
2025-02-01, 10:32:68:72,-0.258,0.079,0.954,0.916,-3.967,-3.357
2025-02-01, 10:32:69:23,-0.242,0.09,0.964,0.122,-0.305,0.977
2025-02-01, 10:32:69:73,-0.249,0.058,0.964,-3.052,1.953,0.427
2025-02-01, 10:32:70:24,-0.245,0.057,0.958,2.197,-0.427,-1.526
2025-02-01, 10:32:70:75,-0.249,0.068,0.964,1.343,0.366,0.305
2025-02-01, 10:32:71:26,-0.248,0.067,0.964,-0.244,-0.488,0.061
2025-02-01, 10:32:71:77,-0.249,0.054,0.969,-0.366,-0.366,0.488
2025-02-01, 10:32:72:28,-0.248,0.061,0.96,0.549,0.366,-0.549
2025-02-01, 10:32:72:78,-0.245,0.067,0.965,0.366,0,0.122
2025-02-01, 10:32:73:29,-0.25,0.067,0.96,-0.61,0.549,-0.122
2025-02-01, 10:32:73:80,-0.246,0.059,0.962,-0.061,-0.366,0.244
2025-02-01, 10:32:74:31,-0.244,0.065,0.967,-0.854,0.854,-0.244
2025-02-01, 10:32:74:82,-0.249,0.057,0.961,-0.061,0.671,0.122
2025-02-01, 10:32:75:33,-0.249,0.06,0.961,1.099,-0.183,0.061
2025-02-01, 10:32:75:84,-0.246,0.065,0.964,-0.427,0.122,0
2025-02-01, 10:32:76:35,-0.245,0.067,0.964,0.122,0.305,0.122
2025-02-01, 10:32:76:86,-0.245,0.062,0.963,0,0.305,-0.061
2025-02-01, 10:32:77:37,-0.247,0.064,0.964,0.061,0.244,-0.183
2025-02-01, 10:32:77:88,-0.242,0.071,0.968,0.122,0.549,-0.122
2025-02-01, 10:32:78:39,-0.246,0.064,0.962,-0.549,0.244,0.244
2025-02-01, 10:32:78:90,-0.245,0.064,0.962,-0.305,0.488,0
2025-02-01, 10:32:79:41,-0.244,0.063,0.965,0.122,0.366,0.122
2025-02-01, 10:32:79:92,-0.246,0.067,0.961,-0.061,0.122,-0.122
2025-02-01, 10:32:80:43,-0.246,0.068,0.96,-0.732,0.366,0
2025-02-01, 10:32:80:94,-0.244,0.066,0.966,-0.183,0.244,-0.061
2025-02-01, 10:32:81:45,-0.266,0.041,0.952,1.77,-3.906,-2.258
2025-02-01, 10:32:81:96,-0.237,0.024,0.968,0.793,-2.38,0.549
2025-02-01, 10:32:82:47,-0.194,0.022,0.981,-0.244,-2.319,0.244
2025-02-01, 10:32:82:98,-0.189,0.018,0.977,-0.244,0.122,0.122
2025-02-01, 10:32:83:48,-0.161,0.057,1.038,25.208,15.32,-7.141
2025-02-01, 10:32:83:99,-0.167,-1.049,0.72,-39.551,-26.306,-52.795
2025-02-01, 10:32:84:50,-0.221,-0.64,0.744,0.916,-4.578,-0.183
2025-02-01, 10:32:85:01,-0.216,-0.621,0.748,0.061,-0.366,0
2025-02-01, 10:32:85:52,-0.22,-0.619,0.75,1.526,-0.061,1.526
2025-02-01, 10:32:86:03,-0.258,-0.596,0.769,14.099,9.644,20.569
2025-02-01, 10:32:86:54,-0.21,0.088,1.055,-4.578,-57.495,80.322
2025-02-01, 10:32:87:05,-0.323,-0.569,0.698,-55.359,2.38,-97.961
2025-02-01, 10:32:87:56,-0.205,-0.7,0.721,19.592,-0.671,13.733
2025-02-01, 10:32:88:07,-0.166,-0.069,1.021,-16.785,-53.711,58.594
2025-02-01, 10:32:88:58,-0.402,-0.133,0.676,-47.974,94.421,-92.163
2025-02-01, 10:32:89:09,-0.259,-0.767,0.69,33.63,-3.967,61.707
2025-02-01, 10:32:89:59,-0.242,-0.084,0.959,6.165,7.385,-1.953
2025-02-01, 10:33:30:10,-0.464,0.292,0.76,68.481,51.575,-8.179
2025-02-01, 10:33:30:62,-0.886,0.064,0.429,26.428,38.94,19.775
2025-02-01, 10:33:31:13,-0.803,0.06,0.512,-14.526,-6.348,9.155
2025-02-01, 10:33:31:63,-0.753,-0.065,0.659,0.122,-3.418,16.785
2025-02-01, 10:33:32:14,-0.703,0.271,0.706,1.099,14.465,47.668
2025-02-01, 10:33:32:65,-0.743,0.2,0.635,-14.954,-11.658,-14.954
2025-02-01, 10:33:33:16,-0.738,0.118,0.667,-1.892,0.122,0.977
2025-02-01, 10:33:33:67,-0.735,0.115,0.677,-0.427,0.122,0
2025-02-01, 10:33:34:18,-0.734,0.106,0.676,-0.793,-0.061,-0.549
2025-02-01, 10:33:34:69,-0.301,1.03,0.77,-16.479,10.681,-37.476
2025-02-01, 10:33:35:20,-0.382,0.791,0.76,45.227,-38.025,137.695
2025-02-01, 10:33:35:71,-0.474,0.359,0.709,-91.248,67.932,-150.757
2025-02-01, 10:33:36:22,-0.72,-0.573,0.527,62.622,-40.039,101.196
2025-02-01, 10:33:36:73,-0.061,1.266,0.945,-21.484,21.301,-20.63
2025-02-01, 10:33:37:24,-0.495,0.13,0.636,-37.72,70.435,-136.78
2025-02-01, 10:33:37:75,-0.343,0.31,0.758,62.012,-82.764,166.016
2025-02-01, 10:33:38:26,-0.265,0.734,0.954,-82.031,65.308,-104.492
2025-02-01, 10:33:38:77,-0.788,-0.681,0.557,33.569,-14.038,2.136
2025-02-01, 10:33:39:28,-0.345,0.594,0.844,46.997,-66.406,141.663
2025-02-01, 10:33:39:79,-0.341,0.777,0.963,-41.809,38.574,-59.509
2025-02-01, 10:33:40:30,-0.667,-0.283,0.533,29.785,24.963,-95.032
2025-02-01, 10:33:40:81,-0.263,0.749,1.021,32.532,-69.824,133.362
2025-02-01, 10:33:41:32,-0.427,0.468,0.611,-0.977,285.583,-47.18
2025-02-01, 10:33:41:84,-0.737,-0.106,-0.562,62.134,-160.278,0.061
2025-02-01, 10:33:42:35,-0.533,-0.032,1.387,-39.917,-387.329,-5.981
2025-02-01, 10:33:42:85,-0.208,-0.033,-0.7,-12.573,203.796,-96.008
2025-02-01, 10:33:43:36,-0.474,0.329,-0.072,-83.435,-276.978,126.221
2025-02-01, 10:33:43:87,-0.249,-0.793,-1.345,45.837,38.94,-2.808
2025-02-01, 10:33:44:38,-0.734,0.291,0.548,25.513,286.865,-155.762
2025-02-01, 10:33:44:89,-0.233,-0.61,-0.75,-19.714,-104.553,171.631
2025-02-01, 10:33:45:40,-0.23,0.416,1.234,-39.795,37.354,-31.799
2025-02-01, 10:33:45:91,-0.329,0.036,0.918,-1.77,-3.052,1.038
2025-02-01, 10:33:46:42,-0.3,0.016,0.946,-0.244,-0.916,0.122
2025-02-01, 10:33:46:93,-0.291,0.015,0.957,-0.488,-0.488,-0.244
2025-02-01, 10:33:47:45,-0.289,0.008,0.952,-0.671,0.305,-0.183
2025-02-01, 10:33:47:96,-0.283,0.005,0.953,0.488,-0.732,0.366
2025-02-01, 10:33:48:47,-0.279,0.007,0.955,0.244,-0.061,-0.244
2025-02-01, 10:33:48:98,-0.276,0.009,0.956,-0.061,0.061,0.061
2025-02-01, 10:33:49:49,-0.272,0.011,0.959,0.061,0.244,0.122
2025-02-01, 10:33:49:99,-0.268,0.01,0.958,0.061,-0.061,0.244
2025-02-01, 10:33:50:50,-0.263,0.013,0.962,0.122,-0.122,-0.061
2025-02-01, 10:33:51:01,-0.262,0.015,0.961,0.122,0.061,0
2025-02-01, 10:33:51:52,-0.262,0.014,0.962,0,0.122,-0.183
2025-02-01, 10:33:52:03,-0.261,0.009,0.959,-0.061,0.244,0
2025-02-01, 10:33:52:54,-0.26,0.011,0.961,0,0.244,-0.183
2025-02-01, 10:33:53:05,-0.259,0.011,0.96,0.061,0,0.061
2025-02-01, 10:33:53:56,-0.257,0.013,0.962,0.061,0.061,0.061
2025-02-01, 10:33:54:07,-0.257,0.012,0.963,-0.122,0.061,0.183
2025-02-01, 10:33:54:58,-0.253,0.015,0.961,0.061,0.305,-0.122
2025-02-01, 10:33:55:09,-0.252,0.017,0.963,0,0.305,-0.061
2025-02-01, 10:33:55:60,-0.252,0.016,0.964,0.061,0.122,0.061
2025-02-01, 10:33:56:11,-0.25,0.016,0.964,-0.061,0.244,0.244
2025-02-01, 10:33:56:62,-0.247,0.018,0.963,0.183,0.183,0.183
2025-02-01, 10:33:57:13,-0.246,0.019,0.965,0.061,0.122,0
2025-02-01, 10:33:57:64,-0.245,0.021,0.966,-0.061,0.305,0.061
2025-02-01, 10:33:58:15,-0.244,0.02,0.966,-0.122,0.061,0.183
2025-02-01, 10:33:58:66,-0.244,0.019,0.965,0.183,0,0.061
2025-02-01, 10:33:59:17,-0.242,0.021,0.966,0.061,0.305,0.061
2025-02-01, 10:33:59:68,-0.239,0.023,0.967,0,0.244,0
2025-02-01, 10:33:60:19,-0.24,0.023,0.967,-0.183,0.305,-0.122
2025-02-01, 10:33:60:70,-0.24,0.02,0.967,-0.061,0.061,0.305
2025-02-01, 10:33:61:21,-0.237,0.025,0.967,0.061,-0.122,-0.183
2025-02-01, 10:33:61:72,-0.239,0.02,0.967,0.061,0.244,0.061
2025-02-01, 10:33:62:23,-0.239,0.02,0.965,0.122,-0.061,-0.061
2025-02-01, 10:33:62:74,-0.238,0.022,0.967,0,0.183,0.183
2025-02-01, 10:33:63:25,-0.238,0.02,0.965,-0.061,0.427,0.183
2025-02-01, 10:33:63:76,-0.236,0.022,0.969,0.061,0.305,0
2025-02-01, 10:33:64:27,-0.236,0.027,0.97,-0.183,0.305,-0.183
2025-02-01, 10:33:64:78,-0.236,0.022,0.968,-0.122,0.305,0.122
2025-02-01, 10:33:65:28,-0.238,0.015,0.967,0,0.488,-0.122
2025-02-01, 10:33:65:79,-0.235,0.021,0.968,0.244,0.061,0.183
2025-02-01, 10:33:66:30,-0.236,0.019,0.965,0.061,0.122,0.061
2025-02-01, 10:33:66:81,-0.235,0.02,0.968,0.061,0.305,0.061
2025-02-01, 10:33:67:32,-0.233,0.022,0.971,-0.061,0.183,0.122
2025-02-01, 10:33:67:83,-0.236,0.018,0.966,0.061,0.366,-0.061
2025-02-01, 10:33:68:34,-0.235,0.02,0.968,0.183,0.244,0
2025-02-01, 10:33:68:86,-0.234,0.021,0.968,0.061,0.305,0.061
2025-02-01, 10:33:69:37,-0.237,0.016,0.964,0,0.305,0
2025-02-01, 10:33:69:87,-0.235,0.018,0.967,-0.061,0.183,0.183
2025-02-01, 10:33:70:39,-0.233,0.021,0.968,0.061,0.122,0.061
2025-02-01, 10:33:70:90,-0.234,0.02,0.968,0.061,0.244,0
2025-02-01, 10:33:71:41,-0.235,0.018,0.967,-0.061,0.549,0
2025-02-01, 10:33:71:91,-0.234,0.019,0.968,-0.122,0.244,0.122
2025-02-01, 10:33:72:42,-0.231,0.02,0.97,0.061,0.488,0.061
2025-02-01, 10:33:72:93,-0.233,0.018,0.968,0.122,0.427,0
2025-02-01, 10:33:73:44,-0.232,0.019,0.967,-0.122,0.305,-0.122
2025-02-01, 10:33:73:95,-0.231,0.02,0.967,0,0,0.122
2025-02-01, 10:33:74:46,-0.231,0.018,0.968,0,0.183,0.183
2025-02-01, 10:33:74:96,-0.23,0.021,0.969,0,0.549,-0.366
2025-02-01, 10:33:75:47,-0.232,0.019,0.969,0.122,0.244,0.061
2025-02-01, 10:33:75:98,-0.238,-0.001,0.967,-3.296,0.854,0.366
2025-02-01, 10:33:76:49,-0.233,0.013,0.969,0.122,1.038,0.366
2025-02-01, 10:33:77:00,-0.222,0.023,0.982,0.488,0.732,0.671
2025-02-01, 10:33:77:51,-0.229,0.03,0.964,0,0.061,0.61
2025-02-01, 10:33:78:01,-0.189,0.044,0.994,0.061,-4.517,2.869
2025-02-01, 10:33:78:52,-0.217,0.004,0.967,-0.916,0.916,0.305
2025-02-01, 10:33:79:03,-0.205,0.043,0.981,-2.014,1.343,0.427
2025-02-01, 10:33:79:55,-0.2,0.029,0.982,-0.061,0.061,0.977
2025-02-01, 10:33:80:05,-0.219,0.029,0.966,-0.427,-0.122,-0.793
2025-02-01, 10:33:80:56,-0.223,0.025,0.966,-2.075,1.831,1.16
2025-02-01, 10:33:81:07,-0.22,0.028,0.966,-0.793,0.977,0.305
2025-02-01, 10:33:81:58,-0.218,0.021,0.972,-0.977,1.16,-0.549
2025-02-01, 10:33:82:09,-0.217,0.022,0.967,0.427,0.305,-0.183
2025-02-01, 10:33:82:60,-0.218,0.023,0.968,0.183,0.366,-0.305
2025-02-01, 10:33:83:11,-0.216,0.021,0.97,0.061,-0.122,0.244
2025-02-01, 10:33:83:62,-0.216,0.026,0.972,0.061,0.061,0.305
2025-02-01, 10:33:84:13,-0.214,0.029,0.974,0.244,0,0.061
2025-02-01, 10:33:84:64,-0.216,0.026,0.97,0.061,0.305,-0.061
2025-02-01, 10:33:85:15,-0.215,0.026,0.973,0,0.427,0.183
2025-02-01, 10:33:85:66,-0.214,0.025,0.97,-0.122,0.122,0.244
2025-02-01, 10:33:86:17,-0.214,0.025,0.972,0.183,0.305,0
2025-02-01, 10:33:86:68,-0.214,0.028,0.972,0.061,0.427,-0.061
2025-02-01, 10:33:87:19,-0.213,0.028,0.972,-0.061,0.549,0.061
2025-02-01, 10:33:87:70,-0.214,0.027,0.973,-0.061,0.305,0
2025-02-01, 10:33:88:21,-0.211,0.025,0.972,0.061,0.061,0.122
2025-02-01, 10:33:88:72,-0.212,0.028,0.973,0,0.244,-0.061
2025-02-01, 10:33:89:22,-0.214,0.027,0.97,-0.061,0.305,-0.244
2025-02-01, 10:33:89:73,-0.213,0.026,0.972,0.122,0.061,0.244
2025-02-01, 10:34:30:24,-0.212,0.025,0.972,-0.183,0.427,0.122
2025-02-01, 10:34:30:75,-0.213,0.023,0.972,0.183,0.366,0.305
2025-02-01, 10:34:31:26,-0.285,0.056,0.847,-1.77,58.289,16.357
2025-02-01, 10:34:31:77,-0.206,-0.064,1.263,-19.287,39.917,-7.874
2025-02-01, 10:34:32:28,-0.176,0.009,0.977,-3.174,-7.08,-9.033
2025-02-01, 10:34:32:79,-0.705,-0.245,0.238,-13.306,168.701,-42.297
2025-02-01, 10:34:33:30,-0.613,0.064,-0.832,-12.634,21.912,-3.601
2025-02-01, 10:34:33:81,-0.693,-0.041,-0.697,39.185,-50.476,17.456
2025-02-01, 10:34:34:32,-0.64,-0.178,-0.843,4.395,-5.859,12.512
2025-02-01, 10:34:34:83,-0.792,-0.148,-0.545,51.697,3.54,-44.8
2025-02-01, 10:34:35:33,-0.713,-0.132,-0.83,43.762,-12.939,-8.118
2025-02-01, 10:34:35:84,-0.575,-0.414,-0.375,14.343,147.339,-99.854
2025-02-01, 10:34:36:35,-0.947,-0.231,0.085,79.651,-23.621,-36.621
2025-02-01, 10:34:36:86,-0.051,-0.365,-1.12,-18.799,-278.015,78.613
2025-02-01, 10:34:37:37,-0.049,-0.597,-1.164,-9.094,-21.851,25.391
2025-02-01, 10:34:37:88,-0.58,-0.45,-0.445,13.916,160.217,-28.381
2025-02-01, 10:34:38:39,-0.777,-0.307,0.34,8.911,-52.551,-37.292
2025-02-01, 10:34:38:91,-0.316,-0.545,-0.833,-20.813,-135.681,21.729
2025-02-01, 10:34:39:42,-0.922,-0.609,0.478,-11.658,-18.677,-5.432
2025-02-01, 10:34:39:92,-0.937,-0.575,0.659,8.484,-15.442,-20.813
2025-02-01, 10:34:40:43,-0.84,-0.383,0.446,-81.238,74.89,5.249
2025-02-01, 10:34:40:94,-0.535,-0.174,-0.161,100.586,-80.994,32.043
2025-02-01, 10:34:41:45,-0.548,-0.224,1.008,-8.301,-47.729,-2.258
2025-02-01, 10:34:41:96,-0.452,-0.141,0.87,-4.761,-3.113,0.305
2025-02-01, 10:34:42:47,-0.435,-0.178,0.879,-0.488,-0.977,-1.709
2025-02-01, 10:34:42:98,-0.425,-0.183,0.882,0.793,0.122,-1.282
2025-02-01, 10:34:43:49,-0.417,-0.182,0.893,-3.357,0.61,0.977
2025-02-01, 10:34:44:00,-0.425,-0.222,0.874,-0.854,0.854,0.061
2025-02-01, 10:34:44:51,-0.429,-0.228,0.875,1.953,0.122,0.671
2025-02-01, 10:34:45:02,-0.417,-0.197,0.882,-0.305,0,0.244
2025-02-01, 10:34:45:53,-0.538,-0.107,-0.092,-28.015,177.551,-99.67
2025-02-01, 10:34:46:04,-0.422,-0.098,0.441,55.481,-225.891,77.026
2025-02-01, 10:34:46:55,-0.441,-0.129,0.684,-16.479,7.446,-9.827
2025-02-01, 10:34:47:07,0.194,-1.066,0.291,-167.969,-25.879,276.55
2025-02-01, 10:34:47:58,-0.277,0.159,0.748,-27.588,11.047,-27.771
2025-02-01, 10:34:48:09,-0.305,0.209,0.97,41.626,1.16,2.93
2025-02-01, 10:34:48:60,-0.746,-0.14,0.273,48.462,117.31,-227.112
2025-02-01, 10:34:49:11,-0.496,0.529,0.797,-12.329,-52.734,162.231
2025-02-01, 10:34:49:61,-0.518,0.74,0.389,83.557,29.846,0.916
2025-02-01, 10:34:50:12,-0.551,0.834,0.034,8.057,5.188,1.892
2025-02-01, 10:34:50:63,-0.536,0.844,-0.064,5.676,3.54,1.404
2025-02-01, 10:34:51:14,-0.529,0.851,-0.113,4.822,2.319,0.427
2025-02-01, 10:34:51:65,-0.517,0.851,-0.145,1.953,1.16,0.671
2025-02-01, 10:34:52:16,-0.517,0.828,-0.202,-5.92,1.343,1.343
2025-02-01, 10:34:52:67,-0.508,0.844,-0.205,1.587,1.221,0.244
2025-02-01, 10:34:53:18,-0.505,0.837,-0.226,1.77,0.916,0.183
2025-02-01, 10:34:53:69,-0.5,0.839,-0.232,1.831,0.977,0.183
2025-02-01, 10:34:54:20,-0.496,0.84,-0.245,1.465,0.793,0.183
2025-02-01, 10:34:54:71,-0.494,0.837,-0.253,1.282,0.916,0.244
2025-02-01, 10:34:55:22,-0.492,0.836,-0.267,1.038,0.732,0
2025-02-01, 10:34:55:73,-0.49,0.833,-0.274,0.793,0.61,0.244
2025-02-01, 10:34:56:23,-0.488,0.833,-0.278,0.549,0.427,0.244
2025-02-01, 10:34:56:74,-0.486,0.832,-0.286,0.549,0.366,0.183
2025-02-01, 10:34:57:25,-0.485,0.831,-0.291,0.366,0.427,0.122
2025-02-01, 10:34:57:76,-0.483,0.829,-0.298,0.854,0.854,0.122
2025-02-01, 10:34:58:27,-0.481,0.827,-0.303,0.488,0.549,0.122
2025-02-01, 10:34:58:78,-0.48,0.832,-0.306,0.854,0.488,0.061
2025-02-01, 10:34:59:28,-0.474,0.828,-0.305,0.671,0.488,0.122
2025-02-01, 10:34:59:79,-0.479,0.827,-0.316,0.305,0.549,0
2025-02-01, 10:34:60:30,-0.479,0.824,-0.317,0.61,0.61,-0.122
2025-02-01, 10:34:60:81,-0.476,0.824,-0.321,-0.305,0,0.244
2025-02-01, 10:34:61:33,-0.475,0.825,-0.324,0.122,0.244,0.122
2025-02-01, 10:34:61:84,-0.476,0.821,-0.332,1.892,0.916,-0.122
2025-02-01, 10:34:62:35,-0.474,0.823,-0.329,0.549,0.671,0
2025-02-01, 10:34:62:85,-0.474,0.823,-0.332,-0.305,0.183,0.183
2025-02-01, 10:34:63:36,-0.471,0.823,-0.333,-0.061,0.305,0.244
2025-02-01, 10:34:63:87,-0.472,0.822,-0.335,0.61,0.61,0.244
2025-02-01, 10:34:64:38,-0.47,0.822,-0.338,0.366,0.488,-0.061
2025-02-01, 10:34:64:89,-0.471,0.822,-0.339,-0.122,0.305,-0.061
2025-02-01, 10:34:65:40,-0.469,0.821,-0.341,0.061,0.183,0.183
2025-02-01, 10:34:65:91,-0.468,0.822,-0.345,-0.122,0.244,0.244
2025-02-01, 10:34:66:42,-0.468,0.82,-0.345,0.244,0.488,0
2025-02-01, 10:34:66:93,-0.466,0.82,-0.349,-0.122,0.183,0.122
2025-02-01, 10:34:67:44,-0.466,0.82,-0.348,0.061,0.244,0.183
2025-02-01, 10:34:67:95,-0.466,0.819,-0.346,0.305,0.366,0.122
2025-02-01, 10:34:68:46,-0.466,0.819,-0.35,0.427,0.549,0
2025-02-01, 10:34:68:97,-0.465,0.817,-0.355,0.305,0.61,0.305
2025-02-01, 10:34:69:48,-0.465,0.819,-0.351,0.122,0.244,0.244
2025-02-01, 10:34:69:99,-0.464,0.819,-0.353,0.122,0.244,0.061
2025-02-01, 10:34:70:50,-0.463,0.818,-0.355,0.183,0.427,-0.122
2025-02-01, 10:34:71:01,-0.463,0.817,-0.357,0.183,0.61,-0.122
2025-02-01, 10:34:71:52,-0.462,0.817,-0.357,-0.183,0.061,0.244
2025-02-01, 10:34:72:02,-0.461,0.817,-0.36,0.244,0.366,0.183
2025-02-01, 10:34:72:53,-0.46,0.818,-0.359,0.244,0.488,0.122
2025-02-01, 10:34:73:04,-0.46,0.816,-0.365,0.305,0.488,-0.122
2025-02-01, 10:34:73:55,-0.46,0.818,-0.368,0.61,0.427,0.183
2025-02-01, 10:34:74:06,-0.46,0.816,-0.365,0.244,0.305,0.244
2025-02-01, 10:34:74:57,-0.458,0.817,-0.365,-0.122,0.244,0.122
2025-02-01, 10:34:75:08,-0.459,0.815,-0.368,0.122,0.488,-0.183
2025-02-01, 10:34:75:59,-0.46,0.812,-0.369,0.244,0.427,0.061
2025-02-01, 10:34:76:10,-0.457,0.814,-0.37,0,0.183,0.244
2025-02-01, 10:34:76:61,-0.457,0.815,-0.37,0.061,0.366,0.183
2025-02-01, 10:34:77:11,-0.457,0.815,-0.37,0.122,0.427,-0.122
2025-02-01, 10:34:77:62,-0.457,0.811,-0.373,0.061,0.427,-0.122
2025-02-01, 10:34:78:13,-0.457,0.813,-0.373,-0.122,0.183,0.244
2025-02-01, 10:34:78:64,-0.455,0.815,-0.374,0.061,0.305,0.122
2025-02-01, 10:34:79:15,-0.455,0.813,-0.375,0.122,0.427,-0.061
2025-02-01, 10:34:79:66,-0.456,0.813,-0.375,0.183,0.427,-0.122
2025-02-01, 10:34:80:17,-0.455,0.814,-0.379,-0.366,0.122,0.244
2025-02-01, 10:34:80:68,-0.455,0.813,-0.379,0.183,0.305,0.122
2025-02-01, 10:34:81:19,-0.453,0.818,-0.366,-2.502,0,0.488
2025-02-01, 10:34:81:70,-0.445,0.963,-0.135,24.414,6.653,-128.113
2025-02-01, 10:34:82:20,-0.798,0.267,-0.596,9.338,57.861,7.507
2025-02-01, 10:34:82:71,-0.751,-0.271,-0.771,17.212,5.798,7.996
2025-02-01, 10:34:83:22,-0.579,-0.303,-0.932,16.602,10.864,-12.573
2025-02-01, 10:34:83:73,-0.574,-0.247,-0.795,5.005,2.258,-2.258
2025-02-01, 10:34:84:24,-0.563,-0.279,-0.796,2.258,1.099,-1.587
2025-02-01, 10:34:84:75,-0.556,-0.297,-0.798,1.404,1.221,-0.61
2025-02-01, 10:34:85:26,-0.55,-0.308,-0.794,0.977,0.671,-0.671
2025-02-01, 10:34:85:77,-0.547,-0.313,-0.792,0.61,0.305,-0.122
2025-02-01, 10:34:86:28,-0.542,-0.323,-0.792,0.916,0.732,-0.549
2025-02-01, 10:34:86:79,-0.539,-0.333,-0.791,0.427,0.183,-0.122
2025-02-01, 10:34:87:30,-0.536,-0.335,-0.793,0.244,0.305,0.061
2025-02-01, 10:34:87:81,-0.535,-0.338,-0.79,0.549,0.61,-0.122
2025-02-01, 10:34:88:32,-0.533,-0.344,-0.79,0.305,0.305,-0.122
2025-02-01, 10:34:88:83,-0.531,-0.35,-0.793,0.183,0.549,-0.122
2025-02-01, 10:34:89:34,-0.529,-0.35,-0.792,0,0.244,0.061
2025-02-01, 10:34:89:86,-0.527,-0.354,-0.793,0.183,0.305,-0.061
2025-02-01, 10:35:30:37,-0.526,-0.354,-0.791,0.244,0.427,0
2025-02-01, 10:35:30:88,-0.525,-0.359,-0.791,0.366,0.427,-0.305
2025-02-01, 10:35:31:39,-0.524,-0.361,-0.788,0.366,0.366,-0.122
2025-02-01, 10:35:31:90,-0.523,-0.365,-0.79,0.305,0.244,-0.061
2025-02-01, 10:35:32:41,-0.521,-0.365,-0.79,0.305,0.61,-0.061
2025-02-01, 10:35:32:91,-0.521,-0.367,-0.79,0.122,0.305,-0.122
2025-02-01, 10:35:33:43,-0.518,-0.373,-0.788,0.488,0.549,0.122
2025-02-01, 10:35:33:94,-0.517,-0.372,-0.788,0,0.244,0.061
2025-02-01, 10:35:34:45,-0.517,-0.373,-0.788,0.122,0.427,0.061
2025-02-01, 10:35:34:96,-0.515,-0.376,-0.789,0.305,0.61,-0.244
2025-02-01, 10:35:35:47,-0.514,-0.378,-0.786,0.122,0.244,0.244
2025-02-01, 10:35:35:98,-0.514,-0.377,-0.787,0,0.244,0
2025-02-01, 10:35:36:49,-0.512,-0.379,-0.788,0.183,0.488,0.183
2025-02-01, 10:35:37:00,-0.512,-0.379,-0.785,0.366,0.427,-0.061
2025-02-01, 10:35:37:51,-0.511,-0.383,-0.787,0.244,0.305,-0.244
2025-02-01, 10:35:38:02,-0.511,-0.384,-0.788,0.305,0.488,-0.061
2025-02-01, 10:35:38:52,-0.509,-0.384,-0.788,0,0.427,-0.122
2025-02-01, 10:35:39:03,-0.508,-0.385,-0.786,0.305,0.549,-0.061
2025-02-01, 10:35:39:55,-0.507,-0.387,-0.786,0.305,0.549,-0.305
2025-02-01, 10:35:40:05,-0.506,-0.39,-0.787,0.183,0.488,-0.122
2025-02-01, 10:35:40:56,-0.505,-0.391,-0.786,-0.061,0.305,0.183
2025-02-01, 10:35:41:07,-0.505,-0.392,-0.788,0.122,0.61,0.122
2025-02-01, 10:35:41:58,-0.505,-0.393,-0.789,-0.061,0.244,0.061
2025-02-01, 10:35:42:09,-0.527,-0.373,-0.793,22.583,5.249,37.598
2025-02-01, 10:35:42:60,-0.771,-0.357,-0.421,11.23,-59.021,33.997
2025-02-01, 10:35:43:11,-0.103,-0.256,1.198,9.399,-84.229,-13.733
2025-02-01, 10:35:43:62,0.034,-0.394,0.907,-5.066,0.488,-22.705
2025-02-01, 10:35:44:13,0.061,-0.375,0.987,-6.653,-15.564,2.563
2025-02-01, 10:35:44:64,0.032,-0.444,0.907,-0.427,1.465,0.122
2025-02-01, 10:35:45:15,-0.139,-0.223,0.965,40.649,140.381,84.961
2025-02-01, 10:35:45:66,-0.24,-0.218,0.916,13.977,54.504,-0.916
2025-02-01, 10:35:46:17,-0.454,0.093,0.68,-124.817,-214.294,-28.992
2025-02-01, 10:35:46:67,-0.199,-0.195,1.439,-83.13,-218.445,-13.611
2025-02-01, 10:35:47:19,-0.128,-0.25,0.954,-6.348,-5.005,0.854
2025-02-01, 10:35:47:70,-0.113,-0.276,0.953,-2.625,-1.404,-0.488
2025-02-01, 10:35:48:21,-0.108,-0.278,0.951,1.648,0.427,-0.427
2025-02-01, 10:35:48:72,-0.105,-0.273,0.947,-0.916,0.183,0.305
2025-02-01, 10:35:49:23,-0.104,-0.278,0.95,-0.183,-0.061,-0.427
2025-02-01, 10:35:49:74,-0.1,-0.277,0.954,0.61,0.61,0.061
2025-02-01, 10:35:50:25,-0.099,-0.275,0.954,0.61,0.122,0.671
2025-02-01, 10:35:50:76,-0.099,-0.276,0.952,0.061,0.183,-0.244
2025-02-01, 10:35:51:27,-0.098,-0.278,0.952,0.549,0,-0.061
2025-02-01, 10:35:51:78,-0.096,-0.28,0.951,0.793,0.244,0.122
2025-02-01, 10:35:52:29,-0.094,-0.276,0.949,0.183,0.244,-0.122
2025-02-01, 10:35:52:80,-0.093,-0.276,0.953,-0.122,0.244,0.366
2025-02-01, 10:35:53:31,-0.093,-0.274,0.951,0.244,-0.061,0.305
2025-02-01, 10:35:53:82,-0.092,-0.274,0.953,-0.183,0.305,0.427
2025-02-01, 10:35:54:33,-0.09,-0.266,0.956,-0.366,0.427,-0.122
2025-02-01, 10:35:54:84,-0.09,-0.276,0.952,-0.244,0.183,0
2025-02-01, 10:35:55:35,-0.089,-0.271,0.952,-0.061,0.427,-0.244
2025-02-01, 10:35:55:86,-0.088,-0.274,0.952,0.427,0.366,-0.305
2025-02-01, 10:35:56:37,-0.086,-0.272,0.953,-0.366,-0.061,0
2025-02-01, 10:35:56:88,-0.087,-0.276,0.954,-0.183,0.305,0.183
2025-02-01, 10:35:57:39,-0.084,-0.274,0.956,0.183,0,-0.244
2025-02-01, 10:35:57:90,-0.084,-0.274,0.951,0.244,0.061,0.122
2025-02-01, 10:35:58:41,-0.082,-0.268,0.958,0.427,0.366,0.183
2025-02-01, 10:35:58:92,-0.081,-0.268,0.959,0,0.549,0.244
2025-02-01, 10:35:59:43,-0.08,-0.269,0.955,-0.183,0.366,0.549
2025-02-01, 10:35:59:94,-0.082,-0.268,0.954,-0.916,-0.122,0.488
2025-02-01, 10:35:60:45,-0.081,-0.271,0.957,-0.61,0.244,0.183
2025-02-01, 10:35:60:96,-0.078,-0.268,0.96,0.854,0.244,-0.305
2025-02-01, 10:35:61:47,-0.078,-0.271,0.956,-0.183,0.122,0.366
2025-02-01, 10:35:61:98,-0.079,-0.269,0.952,0.793,0.488,-0.366
2025-02-01, 10:35:62:49,-0.08,-0.269,0.95,-0.732,-0.061,-0.244
2025-02-01, 10:35:63:00,-0.057,-0.237,0.958,3.052,-6.592,-5.31
2025-02-01, 10:35:63:52,-0.071,-0.229,0.807,-6.287,171.326,253.662
2025-02-01, 10:35:64:03,-0.613,-0.04,0.784,-20.874,-6.47,23.682
2025-02-01, 10:35:64:53,-0.448,-0.121,0.791,-48.34,-17.334,-22.4
2025-02-01, 10:35:65:04,0.066,-0.548,0.874,-9.888,-4.089,-7.446
2025-02-01, 10:35:65:55,0.002,-0.536,0.844,-4.089,0.793,-1.648
2025-02-01, 10:35:66:05,-0.001,-0.534,0.832,2.93,0,-3.113
2025-02-01, 10:35:66:57,0.045,-0.472,0.85,17.273,3.967,-35.767
2025-02-01, 10:35:67:08,0.018,-0.413,0.9,22.644,13.794,-3.723
2025-02-01, 10:35:67:59,0.049,-0.399,0.895,-19.775,-7.568,-9.888
2025-02-01, 10:35:68:09,0.247,-0.527,0.803,-11.658,1.221,-3.784
2025-02-01, 10:35:68:60,0.24,-0.524,0.811,-0.549,1.16,0.061
2025-02-01, 10:35:69:11,0.205,-0.508,0.831,0.488,2.014,0.366
2025-02-01, 10:35:69:62,0.171,-0.489,0.843,1.587,2.93,3.235
2025-02-01, 10:35:70:13,0.056,-0.236,0.842,16.235,84.29,228.638
2025-02-01, 10:35:70:64,-0.68,0.1,0.544,-46.936,21.851,17.456
2025-02-01, 10:35:71:15,0.47,-0.72,1.327,39.917,90.942,77.148
2025-02-01, 10:35:71:66,-0.627,0.394,0.644,49.561,3.418,77.759
2025-02-01, 10:35:72:17,-0.635,-0.352,0.536,46.631,-83.435,-155.579
2025-02-01, 10:35:72:68,-0.869,0.863,0.307,-12.695,-57.434,-119.69
2025-02-01, 10:35:73:19,-0.906,0.584,-0.13,-106.445,101.685,181.58
2025-02-01, 10:35:73:70,-0.712,-0.047,0.19,-38.696,168.945,139.648
2025-02-01, 10:35:74:21,-0.658,-0.328,0.675,-24.841,151.978,98.328
2025-02-01, 10:35:74:72,-0.35,-0.634,0.926,61.218,-201.477,-102.722
2025-02-01, 10:35:75:23,-0.772,-0.569,-0.164,56.458,-174.072,-41.687
2025-02-01, 10:35:75:74,-0.735,-0.216,-0.91,103.577,-10.559,-91.003
2025-02-01, 10:35:76:25,-0.63,-0.474,-0.598,47.18,129.211,-115.662
2025-02-01, 10:35:76:77,-0.576,-0.28,-0.387,-30.579,-9.399,140.442
2025-02-01, 10:35:77:27,-0.478,-0.838,-0.341,0.488,-1.099,-18.25
2025-02-01, 10:35:77:78,-0.686,-0.706,0.328,-12.329,-52.368,-20.325
2025-02-01, 10:35:78:29,-0.205,-1.318,-0.115,8.301,9.399,-6.897
2025-02-01, 10:35:78:80,-0.459,-0.42,-0.088,103.149,-105.408,-179.26
2025-02-01, 10:35:79:32,-0.313,-0.989,0.907,-60.364,34.058,45.776
2025-02-01, 10:35:79:83,-0.307,-0.825,-0.379,111.45,-37.72,-88.013
2025-02-01, 10:35:80:34,-0.009,-0.681,1.152,0.977,-11.536,51.147
2025-02-01, 10:35:80:85,-0.747,-0.208,0.49,19.348,12.085,1.953
2025-02-01, 10:35:81:35,-0.531,-0.326,0.616,6.836,111.511,-20.874
2025-02-01, 10:35:81:86,-0.598,-0.367,0.624,-5.005,32.837,0.366
2025-02-01, 10:35:82:37,-0.357,0.231,1.11,43.091,-0.366,55.359
2025-02-01, 10:35:82:88,-0.355,0,0.954,18.738,13.306,-3.845
2025-02-01, 10:35:83:38,-0.874,0.097,0.474,5.127,16.052,-16.296
2025-02-01, 10:35:83:89,-0.482,0.151,0.947,-45.105,-35.522,-8.728
2025-02-01, 10:35:84:40,-0.598,0.119,0.806,-10.681,-9.888,3.723
2025-02-01, 10:35:84:91,-0.516,0.02,0.869,13.733,2.869,-2.075
2025-02-01, 10:35:85:42,-0.616,0.279,0.709,44.434,13.55,-15.869
2025-02-01, 10:35:85:93,-0.5,0.385,0.923,-23.621,-9.644,17.151
2025-02-01, 10:35:86:44,-0.288,0.042,1.005,-32.898,-7.629,5.005
2025-02-01, 10:35:86:95,-0.254,-0.209,0.968,-11.536,-3.784,0.183
2025-02-01, 10:35:87:46,-0.416,0.143,0.939,-6.714,0.244,14.709
2025-02-01, 10:35:87:97,-0.351,-0.032,0.941,5.005,2.014,-1.404
2025-02-01, 10:35:88:48,-0.37,0.002,0.925,-1.892,0.183,-0.183
2025-02-01, 10:35:88:99,-0.35,-0.04,0.93,0.122,0.732,-0.122
2025-02-01, 10:35:89:50,-0.338,-0.062,0.937,-2.197,0.122,-0.366
2025-02-01, 10:36:30:01,-0.338,-0.077,0.937,-2.014,-0.183,-0.122
2025-02-01, 10:36:30:52,-0.339,-0.073,0.932,1.831,0.916,-0.549
2025-02-01, 10:36:31:03,-0.337,-0.08,0.93,-1.343,-0.061,0
2025-02-01, 10:36:31:54,-0.335,-0.081,0.933,0.427,0.305,-0.122
2025-02-01, 10:36:32:05,-0.337,-0.078,0.935,1.465,0.732,-0.061
2025-02-01, 10:36:32:56,-0.336,-0.083,0.936,-0.244,0.244,-0.122
2025-02-01, 10:36:33:06,-0.335,-0.087,0.937,0.671,0.427,-0.183
2025-02-01, 10:36:33:57,-0.34,-0.076,0.933,2.563,0.671,-0.244
2025-02-01, 10:36:34:08,-0.338,-0.023,0.939,8.728,5.737,-2.38
2025-02-01, 10:36:34:60,-0.347,-0.071,0.936,1.648,1.099,1.404
2025-02-01, 10:36:35:11,-0.33,-0.088,0.94,-0.244,-0.122,-0.549
2025-02-01, 10:36:35:62,-0.34,-0.068,0.94,0.671,0,1.404
2025-02-01, 10:36:36:13,-0.326,-0.062,0.917,2.808,0.122,1.099
2025-02-01, 10:36:36:64,-0.338,-0.057,0.925,-0.732,0.061,-4.761
2025-02-01, 10:36:37:15,-0.331,-0.065,0.947,0.305,0.854,0.366
2025-02-01, 10:36:37:66,-0.333,-0.058,0.939,0.305,1.465,0.793
2025-02-01, 10:36:38:17,-0.335,-0.059,0.931,1.16,1.038,-0.244
2025-02-01, 10:36:38:68,-0.331,-0.055,0.942,0.244,-1.221,2.319
2025-02-01, 10:36:39:19,-0.337,-0.081,0.932,0.427,0.61,0.122
2025-02-01, 10:36:39:70,-0.329,-0.055,0.943,0.854,0.183,1.282
2025-02-01, 10:36:40:21,-0.328,-0.057,0.936,0.549,2.991,-2.014
2025-02-01, 10:36:40:72,-0.334,-0.073,0.935,0.366,0.977,0.732
2025-02-01, 10:36:41:23,-0.332,-0.06,0.937,1.404,0.366,-0.488
2025-02-01, 10:36:41:74,-0.336,-0.055,0.935,0.793,0.549,0.244
2025-02-01, 10:36:42:25,-0.335,-0.049,0.937,1.099,0.977,-0.122
2025-02-01, 10:36:42:76,-0.335,-0.056,0.936,-1.221,0.061,0.366
2025-02-01, 10:36:43:27,-0.328,-0.049,0.939,-0.061,1.404,-0.427
2025-02-01, 10:36:43:78,-0.328,-0.051,0.936,2.258,3.296,4.211
2025-02-01, 10:36:44:28,-0.329,-0.063,0.935,-0.061,0.427,-0.488
2025-02-01, 10:36:44:79,-0.329,-0.064,0.942,0.61,0.977,0.488
2025-02-01, 10:36:45:31,-0.331,-0.068,0.939,-0.244,-0.122,-0.122
2025-02-01, 10:36:45:82,-0.323,-0.07,0.942,-0.488,1.465,-0.183
2025-02-01, 10:36:46:32,-0.334,0.004,0.942,16.357,6.287,-4.7
2025-02-01, 10:36:46:84,-0.48,0.044,0.924,28.809,12.085,15.076
2025-02-01, 10:36:47:35,-0.116,0.554,0.665,-15.259,-113.831,117.859
2025-02-01, 10:36:47:86,-0.152,0.337,0.865,5.127,35.339,11.902
2025-02-01, 10:36:48:37,-0.11,0.274,0.95,-3.296,-2.625,-0.61
2025-02-01, 10:36:48:88,-0.107,0.254,0.956,-0.366,-0.305,0.488
2025-02-01, 10:36:49:39,-0.106,0.252,0.957,0,0.305,0
2025-02-01, 10:36:49:90,-0.107,0.253,0.956,0.061,0.366,-0.061
2025-02-01, 10:36:50:40,-0.107,0.253,0.956,-0.061,0.427,-0.061
2025-02-01, 10:36:50:91,-0.106,0.256,0.958,-0.122,0.122,0.366
2025-02-01, 10:36:51:42,-0.107,0.251,0.957,0.061,0.122,0.244
2025-02-01, 10:36:51:93,-0.105,0.251,0.957,0.366,0.244,0.061
2025-02-01, 10:36:52:44,-0.108,0.252,0.957,0.061,0.427,0
2025-02-01, 10:36:52:95,-0.109,0.251,0.955,-0.183,0.305,0
2025-02-01, 10:36:53:46,-0.106,0.251,0.957,0,0.122,0.244
2025-02-01, 10:36:53:97,-0.105,0.251,0.958,0.244,0.244,0
2025-02-01, 10:36:54:48,-0.106,0.252,0.958,-0.061,0.305,0
2025-02-01, 10:36:54:98,-0.106,0.252,0.958,0.122,0.366,0.061
2025-02-01, 10:36:55:49,-0.106,0.25,0.958,0,0.488,0.183
2025-02-01, 10:36:56:00,-0.105,0.251,0.959,0.061,0.061,0.061
2025-02-01, 10:36:56:51,-0.106,0.252,0.958,0,0.305,-0.061
2025-02-01, 10:36:57:02,-0.105,0.252,0.958,-0.061,0.122,0.122
2025-02-01, 10:36:57:53,-0.106,0.252,0.958,-0.122,0.305,0.122
2025-02-01, 10:36:58:04,-0.107,0.249,0.958,-0.366,0.183,0.183
2025-02-01, 10:36:58:55,-0.105,0.25,1.257,-14.709,52.063,-21.79
2025-02-01, 10:36:59:06,-0.654,0.429,-0.614,-36.072,35.217,32.654
2025-02-01, 10:36:59:57,-0.76,-0.13,-0.547,29.236,23.926,-20.447
2025-02-01, 10:36:60:08,-0.727,-0.238,-0.659,-2.075,-0.183,4.7
2025-02-01, 10:36:60:59,-0.714,-0.257,-0.676,-0.366,1.404,0.061
2025-02-01, 10:36:61:10,-0.709,-0.256,-0.679,-1.343,1.648,0.183
2025-02-01, 10:36:61:61,-0.701,-0.261,-0.69,-0.977,0.671,-0.061
2025-02-01, 10:36:62:12,-0.698,-0.264,-0.695,0.061,0.61,0.122
2025-02-01, 10:36:62:63,-0.694,-0.268,-0.692,0.061,0.671,-0.122
2025-02-01, 10:36:63:14,-0.691,-0.271,-0.693,-0.488,0.427,0.427
2025-02-01, 10:36:63:65,-0.706,-0.191,-0.679,8.362,-0.854,1.16
2025-02-01, 10:36:64:16,-0.942,0.118,-0.422,16.418,-12.268,49.194
2025-02-01, 10:36:64:67,-0.302,-0.069,-1.089,-16.357,53.406,15.32
2025-02-01, 10:36:65:18,-0.301,-0.06,-0.921,4.578,4.211,-8.118
2025-02-01, 10:36:65:69,-0.268,-0.09,-0.944,-0.977,2.258,-9.888
2025-02-01, 10:36:66:19,-0.288,-0.112,-0.967,-1.648,1.282,2.136
2025-02-01, 10:36:66:70,-0.283,-0.034,-1.019,1.953,-5.859,8.24
2025-02-01, 10:36:67:21,-1.09,0.377,-0.079,-44.861,-175.537,-71.533
2025-02-01, 10:36:67:72,-0.511,-1.218,3.316,24.048,-191.589,-77.454
2025-02-01, 10:36:68:23,-0.536,-0.107,0.845,-9.949,-6.042,-5.92
2025-02-01, 10:36:68:74,-0.52,-0.128,0.86,-3.174,3.052,-0.122
2025-02-01, 10:36:69:25,-0.484,-0.121,0.855,-10.193,-14.404,3.296
2025-02-01, 10:36:69:76,-0.492,-0.119,0.86,-0.366,1.77,0.122
2025-02-01, 10:36:70:27,-0.494,-0.131,0.863,-0.305,-0.122,-0.183
2025-02-01, 10:36:70:78,-0.492,-0.134,0.861,-0.366,-0.854,-0.854
2025-02-01, 10:36:71:29,-0.486,-0.142,0.865,-0.732,-0.427,-0.916
2025-02-01, 10:36:71:80,-0.481,-0.148,0.864,-0.183,0.122,-0.244
2025-02-01, 10:36:72:31,-0.478,-0.153,0.865,-0.427,0.061,-0.183
2025-02-01, 10:36:72:82,-0.479,-0.159,0.868,-0.061,-0.366,-0.061
2025-02-01, 10:36:73:33,-0.473,-0.152,0.871,-0.061,-0.061,-0.488
2025-02-01, 10:36:73:85,-0.471,-0.152,0.867,-0.122,0.061,-0.244
2025-02-01, 10:36:74:35,-0.469,-0.154,0.867,-0.183,0.61,-0.244
2025-02-01, 10:36:74:86,-0.47,-0.161,0.868,-0.183,0,-0.366
2025-02-01, 10:36:75:37,-0.468,-0.155,0.868,0.122,0.305,0.183
2025-02-01, 10:36:75:88,-0.467,-0.154,0.866,-0.061,0.244,0
2025-02-01, 10:36:76:39,-0.466,-0.16,0.872,-0.122,0.122,-0.061
2025-02-01, 10:36:76:90,-0.466,-0.161,0.872,-0.122,0.183,0.183
2025-02-01, 10:36:77:41,-0.452,-0.16,0.877,-0.671,-1.465,-0.488
2025-02-01, 10:36:77:92,-0.441,-0.163,0.879,-0.061,0.183,0.061
2025-02-01, 10:36:78:43,-0.442,-0.166,0.884,0.122,0.61,0.244
2025-02-01, 10:36:78:94,-0.441,-0.165,0.883,-0.244,0,-0.122
2025-02-01, 10:36:79:45,-0.44,-0.168,0.882,-0.122,-0.305,-0.061
2025-02-01, 10:36:79:96,-0.438,-0.171,0.88,0,0.305,-0.183
2025-02-01, 10:36:80:47,-0.437,-0.167,0.881,0.305,0.916,0.427
2025-02-01, 10:36:80:97,-0.435,-0.152,0.881,0.916,0.244,1.892
2025-02-01, 10:36:81:48,-0.418,-0.151,0.914,1.953,0.305,8.85
2025-02-01, 10:36:81:99,-0.443,-0.189,0.901,1.587,-2.747,3.418
2025-02-01, 10:36:82:50,-0.535,-0.359,0.329,-184.021,29.297,151.489
2025-02-01, 10:36:83:01,-0.363,0.427,1.088,-26.489,-9.827,52.673
2025-02-01, 10:36:83:52,0.071,-1.541,-0.202,10.437,-48.706,33.142
2025-02-01, 10:36:84:03,0.121,0.139,1.624,28.687,-29.785,-2.808
2025-02-01, 10:36:84:54,-0.36,-0.549,0.334,7.568,131.958,-140.808
2025-02-01, 10:36:85:05,0.133,-0.938,0.454,-26.733,31.555,-83.801
2025-02-01, 10:36:85:56,-0.236,1.737,-0.423,137.207,-32.898,-85.022
2025-02-01, 10:36:86:06,0.177,0.676,-1.281,51.025,80.566,12.024
2025-02-01, 10:36:86:57,-0.244,-0.149,-0.256,22.705,320.129,203.979
2025-02-01, 10:36:87:08,-0.196,0.235,-0.6,-84.961,-368.835,-55.969
2025-02-01, 10:36:87:59,-0.376,-0.848,0.423,-163.208,168.579,48.157
2025-02-01, 10:36:88:10,-0.231,-0.294,-0.531,-30.029,105.53,-107.239
2025-02-01, 10:36:88:61,0.142,-0.884,-0.685,17.334,-17.517,56.946
2025-02-01, 10:36:89:12,1.076,-0.625,1.356,62.927,-349.304,-196.899
2025-02-01, 10:36:89:63,-0.746,0.78,-0.205,12.39,68.726,86.182
2025-02-01, 10:37:30:14,-0.354,0.015,-0.896,-7.202,-9.033,15.747
2025-02-01, 10:37:30:65,-0.134,-0.433,-1.143,14.404,-17.822,45.898
2025-02-01, 10:37:31:16,0.019,-0.767,1.441,-84.534,-7.69,-137.024
2025-02-01, 10:37:31:67,-0.13,-0.583,0.436,4.7,-35.95,-32.898
2025-02-01, 10:37:32:18,0.089,-0.69,0.688,2.441,13,-15.991
2025-02-01, 10:37:32:69,0.102,-0.569,0.809,-0.793,0.244,-0.061
2025-02-01, 10:37:33:20,0.104,-0.58,0.807,-1.038,0,0
2025-02-01, 10:37:33:71,0.105,-0.575,0.806,-0.122,0,0.061
2025-02-01, 10:37:34:22,0.104,-0.575,0.806,-0.305,0.183,0.305
2025-02-01, 10:37:34:74,0.106,-0.58,0.805,1.221,0.366,0
2025-02-01, 10:37:35:24,0.108,-0.58,0.808,0.183,0.183,0.244
2025-02-01, 10:37:35:75,0.102,-0.572,0.811,1.831,0.122,0.488
2025-02-01, 10:37:36:26,0.342,-0.2,0.866,-65.613,-244.324,273.987
2025-02-01, 10:37:36:77,0.232,-0.171,0.963,-52.002,125.916,135.498
2025-02-01, 10:37:37:28,0.222,-0.385,0.924,-0.549,-7.812,-6.653
2025-02-01, 10:37:37:79,0.217,-0.37,0.896,1.648,0.549,0.122
2025-02-01, 10:37:38:30,0.226,-0.368,0.903,0.671,-0.122,1.221
2025-02-01, 10:37:38:81,0.226,-0.354,0.904,1.709,-0.305,1.343
2025-02-01, 10:37:39:32,0.228,-0.354,0.906,-0.488,0.061,-0.183
2025-02-01, 10:37:39:82,0.23,-0.352,0.9,-0.732,0.122,-0.244
2025-02-01, 10:37:40:33,0.232,-0.349,0.9,-0.244,0.793,0.549
2025-02-01, 10:37:40:84,0.239,-0.348,0.9,0.183,0.244,0.916
2025-02-01, 10:37:41:35,0.242,-0.352,0.902,-0.122,0.427,0.671
2025-02-01, 10:37:41:86,0.245,-0.347,0.903,0.061,-0.183,0.061
2025-02-01, 10:37:42:37,0.246,-0.345,0.901,0,-0.244,0.183
2025-02-01, 10:37:42:87,0.248,-0.347,0.9,-0.366,-0.122,0.366
2025-02-01, 10:37:43:38,0.249,-0.348,0.899,-0.061,0.366,-0.427
2025-02-01, 10:37:43:89,0.249,-0.347,0.9,0.793,0.244,0.793
2025-02-01, 10:37:44:40,0.25,-0.349,0.901,0.61,0.122,0.122
2025-02-01, 10:37:44:91,0.251,-0.344,0.899,-0.183,0.183,0
2025-02-01, 10:37:45:42,0.251,-0.345,0.898,0.061,0.488,-0.244
2025-02-01, 10:37:45:93,0.253,-0.347,0.903,0.427,0.488,0.854
2025-02-01, 10:37:46:44,0.252,-0.345,0.902,0.305,-0.427,-0.732
2025-02-01, 10:37:46:94,0.256,-0.343,0.9,0.122,0.916,0.122
2025-02-01, 10:37:47:45,0.255,-0.338,0.903,0.061,0.183,-0.366
2025-02-01, 10:37:47:96,0.256,-0.34,0.9,0.916,0.366,0.427
2025-02-01, 10:37:48:47,0.257,-0.34,0.899,0.183,0.061,0
2025-02-01, 10:37:48:98,0.259,-0.339,0.901,-0.244,0.366,0
2025-02-01, 10:37:49:49,0.259,-0.337,0.906,-0.061,1.404,0.549
2025-02-01, 10:37:49:99,0.258,-0.338,0.904,0,1.343,0.488
2025-02-01, 10:37:50:50,0.257,-0.339,0.898,0.549,0.122,-0.061
2025-02-01, 10:37:51:01,0.278,-0.338,0.896,-2.319,-2.319,-2.197
2025-02-01, 10:37:51:52,0.3,-0.349,0.886,1.343,0.061,0.427
2025-02-01, 10:37:52:03,0.3,-0.344,0.887,-0.427,0.366,0.488
2025-02-01, 10:37:52:54,0.298,-0.345,0.882,-0.977,-0.244,0.793
2025-02-01, 10:37:53:05,0.301,-0.34,0.885,-0.305,0.122,-0.061
2025-02-01, 10:37:53:56,0.298,-0.347,0.881,0.122,-0.732,-0.549
2025-02-01, 10:37:54:06,0.301,-0.343,0.885,1.526,-0.427,0.732
2025-02-01, 10:37:54:57,0.301,-0.341,0.884,-1.038,0.183,0.427
2025-02-01, 10:37:55:08,0.3,-0.342,0.882,0.183,0.977,0.061
2025-02-01, 10:37:55:59,0.301,-0.34,0.886,-0.122,0.183,0.061
2025-02-01, 10:37:56:10,0.301,-0.344,0.887,-0.549,0.427,-0.061
2025-02-01, 10:37:56:61,0.299,-0.349,0.881,0.916,0.793,-0.366
2025-02-01, 10:37:57:12,0.303,-0.347,0.884,0.122,0.183,0.061
2025-02-01, 10:37:57:63,0.302,-0.353,0.888,0.427,0.244,-0.854
2025-02-01, 10:37:58:13,0.303,-0.346,0.882,1.465,0.061,-0.244
2025-02-01, 10:37:58:64,0.305,-0.35,0.882,-0.732,-1.099,-2.991
2025-02-01, 10:37:59:15,0.302,-0.342,0.881,-0.671,0.244,-0.488
2025-02-01, 10:37:59:66,0.334,-0.319,0.904,-6.958,4.272,3.54
2025-02-01, 10:37:60:16,0.434,-0.398,0.843,-42.419,-84.412,-127.625
2025-02-01, 10:37:60:67,0.12,-0.058,0.932,-24.292,-104.797,29.114
2025-02-01, 10:37:61:18,0.341,-0.136,0.918,-2.93,-3.845,1.709
2025-02-01, 10:37:61:69,0.349,-0.146,0.921,0,0.366,-0.061
2025-02-01, 10:37:62:20,0.351,-0.147,0.921,0,0.305,0.061
2025-02-01, 10:37:62:71,0.35,-0.146,0.92,0,0.244,0.061
2025-02-01, 10:37:63:21,0.349,-0.146,0.92,-0.061,0.183,0.061
2025-02-01, 10:37:63:72,0.35,-0.146,0.92,0,0.366,0.061
2025-02-01, 10:37:64:23,0.351,-0.146,0.921,-0.122,0.122,0.061
2025-02-01, 10:37:64:74,0.353,-0.147,0.92,0.122,0.488,0.122
2025-02-01, 10:37:65:25,0.351,-0.147,0.92,-0.061,0.061,0.061
2025-02-01, 10:37:65:76,0.353,-0.148,0.92,0,0.244,0.061
2025-02-01, 10:37:66:27,0.352,-0.148,0.92,0,0.183,0.061
2025-02-01, 10:37:66:78,0.352,-0.148,0.92,-0.061,0.122,0.061
2025-02-01, 10:37:67:29,0.351,-0.148,0.92,0,0.305,0.061
2025-02-01, 10:37:67:80,0.351,-0.147,0.92,0,0.305,0.061
2025-02-01, 10:37:68:31,0.351,-0.148,0.92,0,0.305,0
2025-02-01, 10:37:68:82,0.351,-0.147,0.92,0,0.244,0.061
2025-02-01, 10:37:69:33,0.352,-0.148,0.92,0,0.244,0.061
2025-02-01, 10:37:69:83,0.351,-0.148,0.92,0,0.183,0
2025-02-01, 10:37:70:35,0.352,-0.148,0.92,0,0.305,0.061
2025-02-01, 10:37:70:86,0.352,-0.148,0.92,0.122,0.549,0.061
2025-02-01, 10:37:71:37,0.354,-0.149,0.919,-0.366,-0.366,0.183
2025-02-01, 10:37:71:88,0.346,-0.145,0.936,1.16,4.089,-0.061
2025-02-01, 10:37:72:39,0.36,-0.153,0.916,-0.061,0.183,0.061
2025-02-01, 10:37:72:90,0.361,-0.154,0.916,0.061,0.366,0.061
2025-02-01, 10:37:73:40,0.361,-0.154,0.915,0,0.244,0.061
2025-02-01, 10:37:73:91,0.36,-0.154,0.915,0,0.305,0.061
2025-02-01, 10:37:74:42,0.36,-0.154,0.916,-0.061,0.244,0.061
2025-02-01, 10:37:74:93,0.361,-0.154,0.916,0.061,0.305,0.061
2025-02-01, 10:37:75:44,0.359,-0.153,0.915,0,0.366,0.061
2025-02-01, 10:37:75:94,0.361,-0.154,0.915,0.122,0.549,0
2025-02-01, 10:37:76:45,0.36,-0.154,0.915,0,0.183,0.061
2025-02-01, 10:37:76:96,0.361,-0.155,0.915,0,0.244,0
2025-02-01, 10:37:77:47,0.36,-0.154,0.915,-0.061,0.244,0.061
2025-02-01, 10:37:77:98,0.361,-0.154,0.916,0,0.244,0.122
2025-02-01, 10:37:78:49,0.36,-0.154,0.915,0.061,0.366,0.061
2025-02-01, 10:37:79:00,0.36,-0.154,0.916,0,0.244,0.061
2025-02-01, 10:37:79:51,0.36,-0.155,0.916,0,0.244,0.061
2025-02-01, 10:37:80:02,0.36,-0.154,0.915,0.061,0.427,0.061
2025-02-01, 10:37:80:53,0.36,-0.154,0.916,0,0.244,0.061
2025-02-01, 10:37:81:03,0.364,-0.165,0.885,0.488,-0.977,0.977
2025-02-01, 10:37:81:54,0.346,-0.144,0.913,6.775,1.038,5.432
2025-02-01, 10:37:82:05,0.379,-0.163,0.908,-0.977,-0.427,-0.427
2025-02-01, 10:37:82:56,0.22,0.245,0.93,90.82,31.311,53.772
2025-02-01, 10:37:83:07,0.028,0.241,0.784,-72.51,0.854,105.042
2025-02-01, 10:37:83:58,0.188,0.047,0.982,-5.615,-6.165,1.709
2025-02-01, 10:37:84:09,0.184,0.026,0.98,-1.831,1.343,-2.319
2025-02-01, 10:37:84:59,0.171,0.023,0.98,0.244,0.122,-0.488
2025-02-01, 10:37:85:10,0.171,0.022,0.981,0.061,0.793,0
2025-02-01, 10:37:85:61,0.169,0.022,0.981,0.488,0.427,0.549
2025-02-01, 10:37:86:12,0.166,0.024,0.977,-0.305,0,0
2025-02-01, 10:37:86:63,0.167,0.026,0.98,1.282,0.488,1.526
2025-02-01, 10:37:87:14,0.178,0.036,0.988,-0.488,-0.183,-0.122
2025-02-01, 10:37:87:65,0.168,0.036,0.978,-0.122,0.183,-0.183
2025-02-01, 10:37:88:16,0.169,0.036,0.979,-0.427,0,-0.488
2025-02-01, 10:37:88:67,0.17,0.033,0.98,0,0.61,0.122
2025-02-01, 10:37:89:18,0.171,0.035,0.981,-0.122,0.793,-0.122
2025-02-01, 10:37:89:69,0.168,0.032,0.98,0,-0.061,-0.244
2025-02-01, 10:38:30:20,0.168,0.035,0.98,0.427,0.854,0.061
2025-02-01, 10:38:30:71,0.167,0.039,0.98,0.244,0.244,-0.122
2025-02-01, 10:38:31:22,0.168,0.039,0.979,0.488,0.732,0.061
2025-02-01, 10:38:31:73,0.168,0.039,0.981,0.366,0.977,0.122
2025-02-01, 10:38:32:23,0.168,0.047,0.98,-0.793,-1.282,0.488
2025-02-01, 10:38:32:74,0.173,0.036,0.978,-1.465,-1.953,0.488
2025-02-01, 10:38:33:25,0.179,0.039,0.974,0.061,-0.183,0.366
2025-02-01, 10:38:33:76,0.182,0.038,0.977,0.854,0.916,0.244
2025-02-01, 10:38:34:27,0.182,0.039,0.977,-0.061,0.305,0
2025-02-01, 10:38:34:77,0.182,0.037,0.977,0.916,1.343,0
2025-02-01, 10:38:35:28,0.183,0.037,0.978,0.061,0.244,0.122
2025-02-01, 10:38:35:79,0.182,0.038,0.976,0.122,0.488,0.061
2025-02-01, 10:38:36:30,0.181,0.038,0.976,0.061,0.183,0.122
2025-02-01, 10:38:36:81,0.178,0.038,0.978,0.244,0.916,0.061
2025-02-01, 10:38:37:31,0.178,0.04,0.977,-0.061,0.427,0.122
2025-02-01, 10:38:37:82,0.175,0.04,0.979,0.305,0.549,-0.061
2025-02-01, 10:38:38:33,0.174,0.04,0.977,0.183,0.244,0.183
2025-02-01, 10:38:38:84,0.173,0.041,0.979,-0.061,0.122,-0.061
2025-02-01, 10:38:39:34,0.174,0.039,0.979,-0.244,-0.183,0
2025-02-01, 10:38:39:85,0.174,0.041,0.98,-0.061,0.488,0
2025-02-01, 10:38:40:36,0.179,0.047,0.982,-0.366,-0.061,0.61
2025-02-01, 10:38:40:87,0.172,0.037,0.98,-0.977,0.793,-1.038
2025-02-01, 10:38:41:38,0.164,0.033,0.979,0.244,0.916,0.366
2025-02-01, 10:38:41:89,0.162,0.033,0.983,0.061,0.549,-0.061
2025-02-01, 10:38:42:39,0.151,0.118,1.057,0.977,4.395,-3.601
2025-02-01, 10:38:42:90,0.156,0.022,0.939,-33.997,3.662,-29.175
2025-02-01, 10:38:43:41,0.136,0.003,0.985,-0.122,0.366,0
2025-02-01, 10:38:43:92,0.135,0.001,0.985,0,0.427,0
2025-02-01, 10:38:44:43,0.135,0.002,0.983,-0.366,0.305,0.305
2025-02-01, 10:38:44:93,0.131,0,0.986,-0.244,0.122,0.122
2025-02-01, 10:38:45:44,0.131,0,0.986,0,0.305,0.122
2025-02-01, 10:38:45:95,0.131,-0.001,0.987,0.061,0.305,0.061
2025-02-01, 10:38:46:46,0.131,-0.001,0.986,0,0.366,0.061
2025-02-01, 10:38:46:97,0.131,-0.001,0.986,0.061,0.427,0
2025-02-01, 10:38:47:47,0.131,-0.001,0.986,-0.061,0.183,0.061
2025-02-01, 10:38:47:98,0.131,-0.002,0.985,0.366,0.427,-0.183
2025-02-01, 10:38:48:49,0.131,0,0.987,0,0.366,0.061
2025-02-01, 10:38:49:00,0.132,0,0.986,-0.305,0.122,0.244
2025-02-01, 10:38:49:51,0.129,-0.002,0.986,-0.122,0.488,0.061
2025-02-01, 10:38:50:02,0.131,-0.002,0.987,-0.244,-1.038,0.122
2025-02-01, 10:38:50:53,0.131,-0.002,0.987,-0.244,0.122,0.244
2025-02-01, 10:38:51:04,0.127,0,0.988,0.183,0.061,-1.709
2025-02-01, 10:38:51:55,0.133,-0.002,0.986,0.122,1.709,0.061
2025-02-01, 10:38:52:06,0.149,-0.001,0.985,-0.061,1.343,-0.244
2025-02-01, 10:38:52:57,0.151,-0.003,0.984,0.122,0.977,0.061
2025-02-01, 10:38:53:08,0.151,-0.009,0.984,-0.061,0.488,0.549
2025-02-01, 10:38:53:59,0.148,-0.006,0.983,0.488,0.732,-0.732
2025-02-01, 10:38:54:10,0.149,-0.007,0.983,0.549,-0.061,-0.671
2025-02-01, 10:38:54:61,0.148,-0.004,0.983,0.183,0.549,-0.366
2025-02-01, 10:38:55:12,0.15,-0.005,0.983,-0.366,-0.61,-0.061
2025-02-01, 10:38:55:63,0.149,-0.006,0.984,0,0.427,0.061
2025-02-01, 10:38:56:14,0.15,-0.006,0.984,0.061,0.488,0
2025-02-01, 10:38:56:65,0.147,-0.005,0.984,-0.366,0.671,0.183
2025-02-01, 10:38:57:16,0.144,-0.007,0.985,-0.061,0.305,0.122
2025-02-01, 10:38:57:67,0.143,-0.006,0.985,0.244,0.305,-0.122
2025-02-01, 10:38:58:18,0.147,-0.007,0.984,-0.488,-0.122,0.366
2025-02-01, 10:38:58:69,0.144,-0.006,0.986,-0.916,-1.77,0.916
2025-02-01, 10:38:59:20,0.149,-0.008,0.983,0.305,1.099,0.061
2025-02-01, 10:38:59:71,0.146,-0.007,0.985,-0.061,0.244,0.061
2025-02-01, 10:38:60:22,0.145,-0.008,0.985,0,0.244,0.061
2025-02-01, 10:38:60:73,0.146,-0.007,0.984,0,0.244,0.061
2025-02-01, 10:38:61:24,0.146,-0.007,0.985,0,0.244,0.061
2025-02-01, 10:38:61:75,0.146,-0.007,0.984,0.061,0.244,0.061
2025-02-01, 10:38:62:26,0.146,-0.007,0.983,0.061,0.244,0
2025-02-01, 10:38:62:77,0.146,-0.007,0.983,0.061,0.366,0.061
2025-02-01, 10:38:63:28,0.146,-0.007,0.984,0,0.183,0.061
2025-02-01, 10:38:63:78,0.146,-0.007,0.984,0,0.244,0.061
2025-02-01, 10:38:64:29,0.147,-0.008,0.984,0.061,0.427,0.061
2025-02-01, 10:38:64:80,0.146,-0.007,0.984,-0.122,0.122,0.122
2025-02-01, 10:38:65:31,0.147,-0.007,0.983,0.061,0.732,0.122
2025-02-01, 10:38:65:81,0.146,-0.007,0.984,0,0.244,0.061
2025-02-01, 10:38:66:32,0.145,-0.007,0.984,-0.122,0,0.061
2025-02-01, 10:38:66:83,0.145,-0.007,0.984,0.061,0.305,-0.061
2025-02-01, 10:38:67:34,0.146,-0.007,0.984,0.061,0.366,-0.061
2025-02-01, 10:38:67:85,0.145,-0.007,0.984,0,0.183,0.061
2025-02-01, 10:38:68:36,0.146,-0.009,0.984,-0.183,0.427,0.488
2025-02-01, 10:38:68:87,0.143,-0.009,0.984,0.305,1.526,-0.183
2025-02-01, 10:38:69:38,0.142,-0.006,0.986,-0.122,0.427,0.122
2025-02-01, 10:38:69:89,0.143,-0.007,0.985,-0.122,0.061,0.183
2025-02-01, 10:38:70:40,0.143,-0.008,0.984,0.244,0.183,-0.122
